   888;663;7;110;247;678;571;166;475;73;336;191;216;366;635;289;279;529;136;365;495;208;108;169;114;38;65;119;109;119;105;24;50;68;43;43;47;44;54;31;91;58;22;8;18;18;2;25;21;6;6;11;12;3;6;10;2;7;18;35;21;9;14;27;17;7;29;29;11;1;9;7;1;0;7;7;3;6;5;9;7;6;4;2;3;3;3;3;2;1;2;4;5;6;2;5;4;0;2;2;3;1;1;2;1;1;2;6;4;2;3;2;2;3;1;0;2;2;2;2;2;2;2;3;1;0;0;1;1;3
  1086;661;39;795;848;422;217;131;119;12;149;153;108;162;220;142;42;38;122;181;222;100;160;141;190;68;34;37;72;27;15;19;63;37;20;42;29;17;54;42;19;18;12;11;23;33;15;7;10;6;6;5;11;8;2;7;1;1;5;26;19;0;6;3;2;6;0;2;7;3;1;3;7;7;3;2;1;3;2;0;3;5;3;1;2;1;2;1;2;3;0;0;0;0;3;2;1;2;3;4;4;2;1;3;0;1;5;3;0;2;1;1;1;3;2;0;2;3;3;4;2;2;0;0;0;1;1;0;0;1
  2489;669;9;319;225;187;44;100;39;163;97;195;55;1077;5300;3996;274;194;224;194;532;996;2931;1500;1287;844;574;464;359;976;1233;464;259;607;628;245;496;494;348;188;196;352;605;541;208;169;214;97;23;71;103;103;503;390;513;578;261;26;151;68;150;349;338;542;111;72;95;69;90;171;162;37;31;33;94;202;438;340;129;33;13;36;55;21;14;16;19;19;29;33;133;173;46;44;21;17;24;26;37;31;9;106;84;54;62;62;131;134;98;37;81;109;131;28;5;50;65;51;8;27;38;17;6;17;47;42;15;10;25;8
  2689;656;0;243;150;34;49;51;30;28;27;26;71;60;107;60;47;118;68;102;86;54;66;48;37;27;2;31;34;12;39;37;15;33;26;36;23;10;12;1;12;23;21;26;16;3;8;7;9;6;4;4;20;15;11;12;7;6;3;9;13;8;4;1;6;6;5;2;8;12;4;1;4;3;4;9;4;7;3;2;2;5;3;3;1;3;7;4;4;3;2;4;2;1;1;1;2;0;3;5;6;2;3;3;2;3;2;3;4;1;2;3;4;0;4;8;4;1;2;3;2;1;1;1;0;0;1;1;0;0
  4090;795;11;197;112;342;617;905;741;3190;3456;5341;3063;3954;4748;2902;1078;1858;1378;1326;709;2043;434;3297;1352;992;1745;2309;2198;5066;6874;1992;773;3379;1801;1832;853;391;457;469;903;471;821;606;747;377;318;719;948;313;773;1054;1192;1820;958;281;1546;1493;798;895;1792;2211;1106;604;1080;1213;718;381;138;822;476;236;425;257;351;641;740;3;447;337;179;220;337;89;81;191;244;212;79;167;218;64;65;25;66;229;539;727;529;443;583;328;147;158;297;130;100;165;252;316;351;226;288;313;350;266;79;80;198;224;253;146;96;135;155;76;76;51;40;55
  4297;826;4;242;238;350;232;1838;3023;6483;7098;1660;1538;3360;4924;4824;1906;1152;2273;2397;1476;2485;2342;2087;4151;4983;2284;2425;1915;4114;4312;8049;9228;5007;1065;1390;1474;2752;3293;800;167;1389;1057;486;500;1028;1372;1183;537;213;767;310;522;344;394;866;1659;2188;2297;1316;1391;1951;938;909;1771;678;679;2214;2363;2086;2999;1567;894;690;570;827;1401;878;336;238;77;250;235;127;144;197;163;167;618;465;93;91;360;178;114;115;473;767;139;404;408;518;36;222;57;266;47;199;331;212;274;214;190;46;236;57;212;114;237;451;448;190;168;81;101;110;24;23;77;113
  4485;802;5;465;1088;914;327;1926;516;2307;6141;3640;1611;2080;2424;669;234;2089;1456;889;2117;3556;4178;4839;3004;3295;1115;1888;1344;2194;3459;1522;4107;3657;1532;5062;2447;4421;1552;1398;818;107;549;710;781;498;737;186;808;796;1518;1178;599;316;1172;378;1118;2474;2553;1502;1232;1124;1592;1525;1884;1381;1326;349;474;513;864;1261;1558;1029;292;342;536;273;431;225;246;275;322;611;542;310;366;243;71;166;295;357;282;65;169;228;221;297;146;708;540;253;401;576;100;170;89;183;376;167;159;72;233;138;321;351;159;195;196;161;107;386;277;99;79;40;37;150;68;84
  4688;826;11;354;615;496;505;3139;2057;1422;1125;3004;6849;8015;6072;4603;1261;1518;2293;3582;3129;1071;387;1697;3512;4134;5995;4947;2011;2497;897;1383;657;3738;7415;7257;137;4153;2584;267;1811;2793;970;866;449;749;637;1862;1415;709;855;1262;1080;1203;1527;2915;1221;1757;2625;460;1029;513;677;1551;3050;2201;632;628;1060;300;1477;2353;1745;1536;1964;1390;1309;570;299;184;165;115;134;80;487;462;307;435;394;129;189;90;124;144;256;118;307;352;141;515;737;725;279;427;308;216;144;139;304;332;200;162;190;192;192;151;165;122;22;129;155;121;190;96;156;201;49;77;99;36
  4888;816;7;401;198;377;165;1535;1752;2005;3961;3367;4704;8313;4520;1024;381;857;3027;4943;1966;927;1356;1489;2106;3024;413;2857;2633;3104;1373;4943;8297;3920;3930;4638;2401;2504;3516;2054;827;588;403;509;766;652;911;989;401;430;785;386;349;207;1160;918;1414;1484;535;817;1655;1827;1576;1101;894;517;799;444;817;2020;2309;1461;678;154;676;1299;1349;996;317;69;59;151;153;83;183;204;93;12;140;137;281;338;233;201;94;71;342;204;282;228;322;573;185;99;103;76;164;183;364;171;13;130;287;417;261;282;310;236;176;110;138;209;268;260;213;140;169;137;100;57
  5086;805;4;336;606;237;673;2267;1815;2519;6463;5747;1504;6751;5459;1867;1235;2342;3346;2295;1258;2262;2650;2741;594;1782;2013;2276;3407;982;567;4213;4557;1649;1702;1456;2921;1239;2026;485;1459;1008;681;596;1119;1013;484;613;643;310;785;563;174;1710;2171;1008;1123;1696;801;1011;1827;1145;111;1326;1737;562;936;204;1241;1563;1150;937;1417;890;610;202;1223;1216;352;34;146;249;382;395;226;115;257;254;429;626;201;191;160;162;97;151;482;365;67;234;151;80;145;175;171;450;172;158;225;137;163;207;256;139;441;357;167;26;148;65;65;95;245;163;201;211;233;140;141;122
  5304;792;17;466;750;606;570;1918;2383;704;2087;3596;3647;1822;1722;2233;448;574;2099;6349;3596;1367;1361;2581;1836;2718;2057;1828;4297;1756;3014;614;2677;1512;2067;5123;4317;2425;1029;822;1018;1455;907;464;165;309;210;783;1024;698;636;301;566;803;885;957;655;1097;735;186;392;400;887;1423;1064;771;944;922;493;682;920;1110;694;68;259;529;781;461;23;140;126;245;306;178;24;195;142;66;184;338;440;247;176;226;104;137;144;369;201;35;83;423;643;476;281;193;167;175;203;125;130;127;137;179;137;393;246;110;238;107;29;62;73;49;140;79;56;63;47;36
  5486;812;12;570;527;373;755;449;92;1167;1994;6823;4789;9103;2993;1567;1260;798;1589;2147;209;2383;2533;981;711;1081;3355;3653;772;2211;3123;5736;7137;3862;2534;4392;2825;2166;1679;1625;2512;1353;542;301;821;746;409;317;501;528;836;594;187;1060;1616;1038;1533;678;707;670;1028;1194;930;1440;1571;298;581;716;526;191;475;1037;1322;1239;704;605;616;43;33;141;153;369;248;501;515;267;95;40;144;239;116;134;224;83;79;150;262;115;103;213;284;383;291;527;498;242;17;123;81;190;280;152;172;153;263;273;90;28;63;61;60;192;215;279;206;127;41;83;141;101
  5688;793;0;403;768;586;753;1271;1910;3642;3547;3635;6891;6431;2041;1132;347;1350;481;1733;1281;1439;3654;3079;1176;942;2708;1433;361;1301;2459;2873;645;437;2580;3950;2332;1316;3029;1246;704;710;418;1238;970;224;332;355;780;398;260;557;222;982;1145;700;279;1218;1376;198;876;480;179;250;534;780;453;539;1327;2163;1064;1149;1371;1122;635;564;675;461;82;137;103;69;173;135;431;356;353;269;130;133;200;184;229;159;254;233;280;229;118;320;177;135;143;292;305;201;46;73;45;176;148;99;220;267;282;187;50;16;100;115;91;144;100;87;114;156;134;90;59;33
  5892;795;4;525;1136;571;25;457;1452;441;2117;2403;1012;3629;5304;4266;1727;991;1569;2301;2374;2346;1537;121;1033;890;1296;1024;706;2579;2707;5932;7229;3470;1930;2429;2284;2898;2836;1485;585;928;528;310;839;563;245;303;443;345;204;397;700;1046;359;701;596;1308;1567;291;570;926;1482;1181;717;872;728;165;1221;1476;790;897;494;1085;350;415;287;278;416;448;337;270;435;376;307;379;315;191;328;240;134;121;63;137;83;252;217;302;119;132;118;241;105;326;291;47;122;203;231;363;252;66;20;102;213;125;100;252;316;315;273;56;61;128;157;94;52;96;69;71
  6087;813;0;394;642;555;1138;3251;2552;1792;5093;5199;1711;5679;2453;2603;684;1420;1853;2273;1239;2932;898;3882;1497;1986;4314;3647;931;5596;9189;5617;1483;1963;3497;2074;1723;1466;2333;2136;1222;674;852;1294;756;226;626;603;519;142;326;625;493;556;701;638;1772;3290;1105;276;879;1058;761;640;638;761;111;448;1092;831;568;1053;1806;1528;1037;1408;1033;623;178;471;358;135;51;139;343;254;199;358;308;236;54;220;66;334;249;251;346;281;185;377;249;237;203;346;165;244;255;157;23;198;222;69;90;116;52;64;20;109;172;53;96;68;91;62;116;59;88;199;114;59
  6288;794;18;563;755;64;309;1604;3016;2272;3312;4343;3210;5623;3123;1172;1364;988;1144;3425;3226;1526;124;1281;1806;1572;2737;2304;2143;1960;3120;1138;4433;3816;505;4506;3086;489;1535;913;926;1200;515;1019;111;415;743;387;901;1450;1220;738;687;467;1754;1945;554;442;949;763;677;1117;928;1502;1804;1104;777;908;1450;886;372;258;626;733;636;625;195;673;570;215;200;382;194;138;96;43;139;357;252;233;314;232;56;114;132;145;147;437;153;274;526;660;460;352;190;275;342;142;62;130;136;124;142;102;225;147;104;74;106;114;148;151;63;115;70;91;97;44;31;25
  6488;816;1;407;1089;852;902;1861;760;1045;3871;6273;4061;12517;6189;2090;1133;787;3401;2358;568;696;1890;3401;889;204;2164;3821;3313;3235;1410;539;4042;4500;1882;3548;2722;1111;621;889;888;1135;1054;1065;891;84;454;429;584;1045;1125;886;965;944;113;593;691;423;922;1018;848;834;227;571;741;245;590;1227;1228;1038;764;1187;816;644;569;754;496;381;159;99;27;130;249;147;218;75;233;366;458;459;331;250;299;211;204;126;135;402;754;583;458;502;632;929;818;840;534;93;116;16;143;121;117;173;82;4;89;149;185;217;230;263;286;286;212;121;71;91;175;69
  6688;798;25;609;776;1147;642;441;918;373;2727;5247;4798;10052;4544;1311;758;287;2514;2668;1233;3491;1598;1617;2498;1462;319;1120;506;3493;2183;2704;2988;1039;1628;2762;2515;437;1509;1423;1582;813;566;1090;776;101;100;230;308;736;513;697;182;392;223;423;306;664;699;1515;964;482;430;814;292;674;267;875;643;1054;582;131;536;452;223;559;515;366;340;269;261;282;100;104;145;141;136;98;269;173;237;138;117;210;106;209;62;281;105;178;529;729;327;437;390;95;108;135;285;435;183;87;94;35;63;121;154;102;33;149;289;171;118;56;44;42;45;58;45;75
  6887;813;0;387;686;219;433;811;818;96;2921;5534;4634;6807;5133;3051;1152;856;3361;3997;536;2775;3141;1918;501;1888;3522;6387;3741;1933;3871;5845;5705;3379;1175;4449;1750;2234;2923;596;231;630;299;545;1026;615;434;253;477;757;846;722;1174;1676;1293;1392;1683;517;874;612;123;616;696;278;726;777;570;313;392;576;318;507;579;537;67;493;503;280;229;248;225;188;157;176;90;153;271;236;204;304;225;61;194;196;76;103;240;291;31;62;210;118;246;83;249;234;225;223;154;89;168;151;114;131;71;138;119;134;60;38;81;98;33;52;60;20;91;86;28;41
  7086;795;20;441;423;106;141;756;1504;3494;4509;2379;2302;6141;4366;1696;954;1885;2738;2964;2218;2675;3589;3857;1750;731;896;723;2156;1131;1201;3025;3280;4853;4259;1344;869;1052;714;418;1275;720;566;479;834;157;429;870;375;643;264;219;125;755;2266;2389;1556;313;532;763;526;948;354;1243;1767;678;528;370;687;1415;1038;355;1194;336;1317;874;633;793;215;289;130;58;176;295;223;138;188;321;316;349;101;35;150;280;246;76;145;255;275;190;386;88;282;196;438;90;142;95;55;270;272;243;156;83;247;160;116;244;281;184;90;116;70;36;142;80;113;25;33;18
  7298;809;33;703;715;528;466;1623;1100;2095;7563;7118;2357;2297;3629;3073;112;638;1162;3245;3248;1954;3494;5480;3123;1917;3764;4153;2195;3270;3864;1794;2648;2628;3480;4325;1731;1661;1514;1684;1428;703;238;557;976;564;417;438;426;622;422;684;936;538;196;658;1256;989;1436;710;819;451;839;1392;1030;223;270;371;546;1530;1880;1293;823;782;482;544;939;563;76;135;63;85;17;69;98;105;446;212;133;187;128;88;250;261;159;160;235;152;140;55;609;367;205;19;222;112;64;115;195;110;90;202;203;77;186;245;108;107;80;82;43;31;130;212;142;54;126;97;60;65
  7488;817;28;575;428;823;511;725;635;63;3450;5502;4685;3964;3610;4736;1401;1143;3230;4360;3779;2427;2196;3242;2526;1853;930;1834;1972;1975;1504;3920;8424;6295;6215;6420;891;327;3483;1991;1142;204;238;686;951;657;633;556;690;167;789;1035;1395;274;866;346;317;1137;639;532;733;656;184;883;622;718;942;629;982;1244;1858;921;170;181;345;504;467;1167;717;174;170;337;186;222;248;234;155;181;352;171;101;26;96;76;149;213;440;413;224;251;258;206;139;620;699;444;246;213;295;200;98;70;72;65;116;187;84;64;123;282;298;188;15;198;218;129;150;109;32;39
  7687;813;8;319;531;267;325;1610;2588;1205;1585;1292;3751;8386;1952;2213;790;1580;4625;3982;706;1519;2880;3334;2617;378;5109;3246;2467;1629;1745;5613;4273;3727;4971;6361;2602;2578;1571;1993;1834;257;208;272;834;1061;310;973;699;280;577;807;711;750;567;1912;1015;602;782;435;1678;1975;606;1043;2360;1238;752;1136;2073;1722;796;1836;1097;571;185;536;1065;205;621;260;73;189;122;181;247;176;100;183;109;88;168;62;49;4;210;209;219;499;366;272;129;284;122;443;291;349;281;268;328;137;42;65;67;61;58;103;164;211;204;187;213;138;22;143;283;254;206;107;22;13
  7888;807;6;90;102;415;679;3141;3376;613;4195;3904;5025;3355;2801;1878;1206;1726;461;1243;1000;1855;3026;552;3977;4741;2192;1567;1684;5399;8375;1137;7290;1882;1077;2588;2162;184;754;980;1129;1612;959;546;91;140;118;461;490;354;540;643;433;902;922;759;893;647;96;224;797;463;856;827;330;947;1140;389;381;591;1050;562;666;556;91;1045;2043;1159;341;91;113;106;251;55;134;236;499;649;444;459;230;294;32;115;72;166;219;239;405;517;575;481;456;299;283;79;116;137;57;276;263;304;163;114;150;126;126;131;98;129;102;81;71;40;14;89;116;37;28;105
  8087;830;28;575;561;630;259;2302;2545;2791;1707;4207;5513;7728;4418;2691;1579;3471;2014;5861;2437;771;2951;2325;2756;2773;436;2576;1688;7180;10461;2613;4279;2308;3375;8278;3791;1598;3672;1864;1472;2141;1711;501;222;203;26;874;1018;21;506;535;649;368;1504;932;1669;2455;2031;493;760;1211;1681;1947;1423;1012;591;860;424;1742;1512;576;1789;1160;844;1456;1234;448;221;251;324;180;120;207;202;175;396;322;84;337;424;338;184;319;165;163;676;936;633;434;362;435;160;510;508;135;313;314;360;697;294;169;373;326;86;344;362;169;102;61;78;119;122;144;153;152;200;114;62;54
  8298;804;62;2733;777;209;723;2491;1941;2430;5450;3641;4916;4944;5019;2666;733;449;1441;1190;1378;402;954;1699;251;1234;5828;5470;1340;2111;3159;4108;5396;2630;538;3285;1652;1792;1853;1141;729;1175;680;289;350;169;190;10;334;268;207;839;935;1073;665;774;91;309;529;935;1503;1492;1724;923;1030;886;1830;546;1174;1298;1313;974;1036;403;633;1038;435;246;179;126;112;128;162;75;35;200;386;14;152;48;33;48;228;345;162;109;200;367;169;180;168;100;199;149;291;225;259;304;259;21;123;86;87;165;23;135;222;149;81;149;141;207;282;139;86;116;44;52;87;10
  8498;820;61;1295;1435;917;369;792;893;1133;4062;6173;4347;5422;6128;2644;1114;792;2454;5238;5680;3551;1690;995;4432;4407;1892;1371;2210;3298;3278;5685;1354;2955;4008;5866;2626;2810;3291;3389;1742;316;735;417;833;245;476;680;1215;187;1408;1118;666;842;1607;1197;1790;3225;1737;863;1369;749;1490;1666;500;537;774;551;921;1168;751;1098;1608;840;869;201;1126;881;412;453;149;105;80;139;77;311;604;137;197;87;176;307;295;38;150;285;126;326;303;300;618;364;344;476;61;588;704;228;184;174;123;89;11;99;224;88;185;79;119;213;173;37;97;133;73;65;208;197;104;20
  8685;832;29;721;787;263;243;1927;1465;1228;5431;7448;1112;10468;10993;7245;492;1281;1368;1544;885;864;3819;3828;1710;2533;3918;3173;3160;4491;2194;4501;2606;342;6292;6440;2204;830;1081;1537;1592;660;163;290;1335;1163;187;758;306;587;1016;964;644;316;560;1089;760;1354;683;734;1635;1242;991;1355;631;1782;1466;649;931;1047;1933;1708;1788;1869;1694;355;997;999;297;581;223;115;95;101;237;579;580;368;470;354;153;223;153;116;85;38;222;305;786;563;183;204;343;497;259;354;333;277;50;139;38;295;333;275;197;414;264;108;162;160;153;204;104;187;203;148;151;115;52;56
  8888;792;7;263;546;102;825;1698;633;3540;4996;4819;2610;1391;1686;2230;1209;1708;1029;583;848;1667;1730;632;1071;1629;1461;676;2147;4038;4946;1575;1026;2481;6020;4929;682;1500;2167;2090;1303;996;269;372;289;533;275;575;722;230;209;601;567;1132;1008;1038;903;1171;1259;913;195;1452;1759;1413;490;113;406;562;402;1309;1500;1112;1092;1371;1258;184;1160;802;319;244;158;267;232;114;145;127;41;209;386;210;124;280;94;148;8;147;246;296;295;334;296;37;32;167;288;134;316;337;178;247;190;86;34;220;243;260;179;100;19;160;172;13;49;60;85;55;105;75;37;77
  9088;813;9;735;599;295;358;2317;2734;638;1290;5926;2499;11145;3130;2239;664;387;1640;2187;2873;1396;1679;2613;3875;1061;2629;5769;2862;1906;5484;3370;3001;541;1249;4260;1472;2389;3435;2054;1608;516;368;782;408;174;156;454;507;513;412;1128;666;1764;2430;1129;1097;1485;437;182;266;758;1302;1357;972;282;210;720;1142;476;874;578;529;1067;787;657;970;924;294;76;53;40;213;322;408;404;220;446;1028;833;415;296;294;434;209;39;290;466;272;371;460;172;257;151;225;72;255;220;142;265;367;370;297;29;363;280;209;172;108;405;413;446;201;205;81;73;134;146;128;40
  9292;812;18;429;356;468;403;832;1131;3098;1350;3289;2612;2226;4487;2062;668;732;3486;6266;2997;2197;1702;946;2049;3566;5579;1853;1075;2582;5028;3707;2680;1958;8807;7557;2668;397;1176;1371;456;552;635;691;224;434;130;393;610;792;975;854;64;274;893;959;810;665;650;628;1230;1072;1487;1504;1463;1175;307;584;373;824;1530;1195;228;356;692;1180;1285;795;249;267;170;113;136;155;173;229;224;484;165;124;135;136;105;315;239;100;480;599;244;204;344;246;853;686;473;286;286;157;167;308;264;66;115;31;100;152;127;129;87;45;151;195;124;88;139;101;59;46;44;40
  9488;794;38;756;899;560;358;820;1270;761;1045;2538;2199;4144;1069;3150;1959;2272;3022;3889;1000;2249;4542;4595;3084;2114;3478;4264;545;3021;4231;3547;3731;4027;803;2622;948;1032;1258;822;965;486;301;320;280;270;180;33;193;51;183;77;551;605;801;99;638;408;275;944;440;975;1132;837;677;734;703;423;1156;1016;1873;1211;577;719;749;868;479;139;339;208;272;136;29;97;172;241;63;285;233;66;88;167;84;105;170;96;148;33;80;334;369;239;99;211;222;225;227;88;78;209;230;63;141;150;372;265;115;33;126;204;134;48;56;150;58;66;62;41;18;43
  9688;800;29;618;793;288;384;1652;540;2313;1210;4441;864;3096;7186;5990;943;345;2278;625;2066;2851;814;297;274;1057;2329;1718;1500;2197;363;3775;5411;2394;5318;4713;2284;1213;911;1518;166;299;380;544;294;320;190;884;579;544;1019;389;1462;1106;1441;747;2151;186;1619;433;1768;1527;706;875;260;1515;1709;625;957;519;1328;1227;698;1327;704;316;373;118;155;208;94;194;103;240;216;127;112;162;497;366;139;206;265;220;115;69;156;320;347;240;212;554;221;163;133;79;199;218;120;173;24;118;190;238;103;120;84;236;290;264;44;75;138;198;69;139;24;39;64;40
  9888;807;8;190;319;430;634;1176;809;1623;3797;2938;3298;2093;1487;1927;115;1609;1891;2099;648;2152;3614;3678;1129;1212;4223;5487;3430;2716;4114;3217;6579;7910;6093;2030;1580;2071;2268;858;1060;899;960;743;1138;607;258;138;439;561;219;508;707;558;647;617;1346;1166;67;371;850;354;1057;1441;1067;755;355;176;706;471;243;837;623;1122;1291;518;939;504;239;219;110;51;144;190;277;178;194;373;162;110;152;150;191;208;234;67;300;131;165;246;338;193;61;209;358;85;132;126;165;239;173;109;91;235;181;115;82;139;123;28;68;102;199;148;81;100;116;18;25;45
 10086;764;11;195;284;636;1033;1800;1413;139;1271;854;3030;7510;4216;2214;739;62;427;1367;1349;1172;1467;1807;292;1046;711;665;171;1068;932;2332;2335;2302;709;140;692;1010;814;409;600;488;36;145;369;216;105;236;57;258;93;179;21;215;281;445;451;155;366;112;278;415;124;410;515;187;191;324;298;448;486;174;78;87;203;176;350;247;79;19;26;59;44;37;113;80;53;109;17;96;132;94;106;108;68;95;36;71;151;66;47;249;123;166;69;88;79;46;69;95;61;47;6;39;78;86;33;62;93;48;43;15;32;60;33;32;20;10;25;27
 11687;820;50;1023;1206;426;660;1714;1360;431;3240;4275;3407;701;2224;1272;354;372;1719;1953;1394;578;1440;2215;4094;1940;1802;848;1953;4269;4260;3290;2488;3589;2083;4260;2714;1381;1379;1049;403;338;754;175;472;316;442;319;121;355;815;901;687;1409;979;255;1007;886;1105;416;641;602;862;801;715;398;689;492;1076;729;214;256;584;164;536;416;724;757;427;123;122;85;166;343;409;165;328;475;255;33;427;253;26;75;171;298;215;47;164;416;503;400;188;349;335;168;47;117;74;107;136;85;118;129;205;124;10;85;143;86;29;112;115;109;51;61;36;51;44;36
 11893;822;43;978;1026;186;551;1824;2986;902;2883;4494;6041;6968;3872;1551;2333;2604;2937;3285;2043;2006;2310;1285;1042;1286;963;952;870;4806;7167;7009;9359;7008;1846;1837;738;614;968;2364;1493;609;476;200;935;483;691;459;188;748;1770;1448;1035;1008;898;507;1906;1915;1130;514;1201;580;679;2314;2684;1380;995;307;459;433;341;1428;1698;326;807;1392;765;722;260;232;239;324;257;161;154;202;149;268;171;100;245;244;112;353;236;105;239;676;312;258;260;358;386;218;99;180;85;39;23;176;85;95;226;370;270;152;144;108;209;265;115;85;79;137;15;110;195;149;26;38
 12088;796;2;200;335;65;204;1714;1809;1082;3951;4768;2395;3569;2294;1500;305;1030;521;2097;962;1939;952;284;1327;1862;3791;1814;1521;2645;4294;4836;5664;3918;1493;2367;1454;1730;2423;732;1106;2128;1345;514;468;391;571;147;622;450;390;219;197;848;439;765;1319;1173;539;487;442;887;408;1013;1178;356;570;218;861;1387;2445;1395;129;430;794;1060;967;566;68;304;93;94;109;183;192;322;323;89;97;164;212;161;79;161;188;122;324;495;288;397;626;499;306;403;22;154;249;187;358;239;90;57;162;170;218;144;50;93;121;147;112;105;84;112;107;199;62;102;115;28
 12287;656;0;33;101;90;95;164;154;105;97;245;227;132;136;84;18;42;35;28;74;31;169;230;110;91;82;190;66;132;143;66;86;68;36;92;95;33;33;10;30;17;16;33;21;26;63;52;19;17;19;19;15;18;31;16;19;37;38;33;32;28;25;29;17;2;4;9;6;12;14;20;11;12;9;3;7;7;11;13;10;8;8;8;5;4;5;8;6;2;4;7;3;1;3;3;2;1;3;4;0;2;7;3;2;0;1;2;5;7;1;3;8;6;6;7;5;0;3;1;0;1;1;0;3;2;1;1;0;0
 12734;714;16;333;314;88;13;17;12;34;54;17;33;32;131;116;61;44;85;98;58;29;22;40;7;11;48;38;0;13;8;14;8;9;22;37;27;15;26;15;15;22;17;13;13;21;13;3;5;1;4;6;1;2;8;2;7;11;7;8;12;13;8;7;4;4;4;5;5;2;6;6;1;1;1;1;1;5;0;5;3;4;7;6;3;3;0;5;6;2;0;1;5;3;2;0;1;3;1;0;3;5;4;1;2;1;1;3;4;3;1;1;2;4;3;3;1;0;1;1;0;2;2;1;1;0;0;1;1;1
 16297;683;35;737;1001;1012;735;206;133;125;28;33;55;123;125;59;77;200;335;299;153;87;44;97;118;135;299;200;71;451;612;196;24;38;104;104;65;96;114;49;18;12;42;31;19;31;18;13;4;11;16;8;12;14;6;10;0;7;9;2;8;4;5;6;8;12;26;15;2;8;12;9;4;6;8;5;9;5;8;8;9;11;8;1;2;5;0;1;1;5;3;0;4;6;4;1;3;0;1;1;4;20;19;11;9;4;2;2;5;4;4;0;5;7;3;0;1;2;3;2;3;1;2;2;0;1;0;0;1;0
 20088;697;34;1228;1936;568;183;125;531;427;344;376;144;56;124;125;114;24;112;46;68;98;142;161;94;208;252;207;102;73;91;55;93;112;62;47;83;151;77;52;27;58;84;60;10;9;20;23;25;12;18;20;18;21;51;62;50;59;33;18;25;49;34;19;12;17;17;5;23;18;11;21;8;5;9;11;5;9;16;17;6;11;22;28;13;21;26;31;41;44;40;35;18;3;8;13;26;25;15;30;37;31;37;10;28;31;19;27;29;21;7;13;18;19;12;15;32;28;30;31;14;27;34;19;17;16;16;16;12;11
 20889;748;76;1475;1517;480;633;610;883;23;441;879;560;65;477;320;521;411;1765;1465;191;664;712;128;172;61;211;99;372;421;239;240;245;312;313;158;563;960;461;76;499;512;185;267;121;130;122;101;161;248;427;367;235;115;331;332;148;282;203;320;376;364;174;64;181;193;299;35;222;139;123;89;135;80;84;103;95;57;156;16;35;59;284;76;78;76;58;113;119;82;44;69;138;71;20;29;73;106;66;55;118;80;87;52;37;56;44;16;10;17;31;29;25;24;37;16;41;23;42;64;57;118;107;84;38;13;28;43;34;26
 25688;697;77;1809;2355;441;311;404;560;1469;755;102;469;718;385;119;97;86;94;139;144;88;151;238;175;70;23;109;69;68;105;219;187;219;191;265;206;131;43;131;269;192;229;128;122;156;81;66;82;99;142;148;102;52;44;44;30;41;70;23;88;32;87;129;165;281;104;38;106;68;149;173;84;100;92;144;272;174;101;27;33;75;42;39;58;61;8;33;5;23;19;74;126;57;10;5;24;59;99;147;155;67;78;120;41;74;71;72;105;177;220;122;32;32;41;39;37;31;21;42;35;17;43;49;15;20;21;6;11;15
 25891;697;0;194;625;166;645;285;404;218;559;563;1828;2715;4021;1337;219;1368;1116;1263;1440;858;825;1716;1835;929;861;2435;775;652;265;112;330;432;742;807;714;454;199;266;203;369;460;79;83;211;112;108;57;61;26;56;25;23;190;227;214;105;107;33;106;56;139;78;26;57;172;208;157;173;117;84;58;128;54;54;138;162;99;1;38;33;24;28;36;31;53;35;10;42;21;48;72;37;51;40;94;18;126;72;292;639;365;40;98;55;68;29;137;67;67;51;65;70;53;59;19;41;36;71;47;3;24;76;60;18;43;26;7;10
 26351;670;1;74;133;4;15;41;30;4;8;4;11;15;43;15;11;12;22;38;21;6;17;19;7;8;16;31;16;20;13;8;0;14;7;16;35;27;26;7;19;29;16;6;9;11;23;24;10;7;11;4;8;13;4;2;11;17;4;6;10;4;3;1;6;10;4;0;5;8;4;2;1;0;2;2;3;2;4;4;3;2;5;3;5;6;1;4;3;0;1;2;2;4;5;0;5;5;1;3;3;3;1;1;2;3;6;3;0;3;4;1;2;2;3;2;2;3;4;0;1;2;0;0;1;1;1;0;0;0
 27286;674;2;110;143;154;207;100;96;142;254;172;33;31;31;40;63;46;64;104;41;94;59;327;909;938;96;136;86;91;13;30;35;405;703;249;107;116;33;44;99;79;47;106;405;548;62;113;58;46;55;31;23;10;22;12;9;10;23;24;21;22;46;33;51;118;43;21;19;11;6;7;11;64;44;3;16;85;79;12;3;2;6;8;7;3;7;10;10;1;14;25;12;5;2;5;7;3;0;4;7;7;2;6;9;2;3;4;6;10;11;2;0;0;3;3;4;7;8;4;7;4;3;6;2;0;0;0;1;1
 27486;706;32;521;440;278;635;189;164;284;767;618;722;507;662;286;298;532;442;349;440;320;162;88;146;162;57;304;311;539;584;450;126;75;103;88;152;267;444;120;324;350;60;106;118;373;284;151;103;116;181;198;136;200;184;150;432;887;509;73;145;320;133;213;130;76;332;337;114;170;171;83;67;136;198;131;118;178;152;65;15;67;62;32;100;74;38;47;77;45;29;36;28;21;34;17;17;34;35;16;67;29;25;15;17;11;9;26;15;6;12;19;29;11;16;36;27;18;16;20;60;69;25;26;37;23;18;11;15;19
 27689;707;37;799;506;377;121;97;146;370;128;227;96;96;165;66;16;44;62;12;35;110;198;53;51;80;132;228;215;110;57;38;59;62;66;36;102;115;27;48;57;194;171;119;59;44;73;79;59;44;85;92;30;32;35;49;19;33;32;37;34;13;34;29;13;29;17;32;30;37;31;1;5;4;6;6;3;10;6;11;3;8;8;4;7;1;7;6;9;4;5;5;10;6;5;8;8;5;8;8;9;5;4;3;3;11;9;5;2;6;4;0;0;1;7;3;4;3;3;4;1;4;5;2;2;2;1;0;2;1
 27914;713;22;416;555;590;308;187;417;666;425;54;40;72;58;50;40;1;55;75;35;17;39;9;39;45;8;23;24;19;53;104;108;50;65;37;50;40;37;47;71;33;59;35;38;42;25;20;10;15;19;3;11;8;13;34;27;13;21;20;18;8;0;9;16;2;19;25;14;5;8;9;4;11;7;7;5;23;16;6;4;4;5;4;5;5;12;16;13;3;3;8;12;13;6;6;9;4;3;1;2;3;7;6;2;2;8;7;3;3;1;2;1;3;3;1;2;1;2;5;4;3;2;2;1;1;2;2;1;1
 31487;670;26;415;253;1021;1969;1700;1815;1694;1041;481;193;24;121;116;141;83;125;50;42;10;30;76;72;29;62;77;12;41;12;18;35;82;42;42;68;40;4;56;70;47;36;26;41;31;0;13;21;20;14;22;31;32;24;16;23;29;38;48;33;9;17;28;20;11;1;5;5;5;17;4;9;2;8;4;2;5;9;8;8;15;15;11;3;5;7;9;6;9;2;11;8;1;2;2;3;5;9;12;2;8;5;5;0;1;5;7;5;8;11;10;7;5;5;0;3;2;1;3;8;8;2;1;0;0;1;2;0;0
 35312;681;2;95;128;89;207;67;125;248;189;53;68;82;60;49;33;23;53;49;65;11;15;14;26;8;18;27;19;31;25;19;5;33;38;33;20;34;21;18;30;11;13;26;25;0;17;13;6;21;10;16;32;22;10;18;19;21;16;22;48;29;11;0;6;16;11;5;13;11;5;13;10;1;3;3;7;13;3;4;11;7;4;11;9;6;0;4;3;4;4;7;5;7;3;3;5;5;5;1;9;3;6;6;2;4;6;5;3;0;3;4;5;1;1;7;6;3;0;3;2;4;2;1;2;1;1;0;1;0
 36086;667;4;118;968;2379;2135;1265;709;795;384;254;470;364;209;197;93;102;120;201;142;34;61;86;128;75;87;61;73;77;102;65;69;36;29;43;26;38;28;41;38;29;114;79;4;12;26;17;15;11;29;30;23;8;9;14;52;64;39;1;27;32;17;10;15;10;10;22;24;27;19;13;16;24;15;5;10;9;13;11;7;10;3;6;8;3;4;4;7;19;24;13;12;10;4;3;8;3;2;2;8;8;10;5;4;11;17;9;13;8;0;6;9;16;8;3;6;0;8;5;6;0;3;0;3;2;2;0;3;6
 42375;655;9;162;110;535;363;190;433;394;289;219;21;66;110;49;35;47;37;22;43;44;11;14;11;14;22;46;35;27;39;39;8;5;2;30;53;62;40;22;17;36;31;19;15;3;10;8;13;10;7;9;22;2;8;17;23;23;14;5;28;19;9;12;1;18;10;6;5;8;11;19;14;13;7;2;11;1;7;8;5;7;6;2;5;3;2;7;3;3;2;5;4;4;0;4;9;7;3;6;2;7;4;9;4;0;2;5;1;4;1;6;6;4;2;3;2;2;3;4;4;4;2;2;5;3;3;3;1;0
 43688;671;11;212;199;844;497;127;313;467;349;408;295;189;45;174;162;118;86;86;82;86;52;189;22;75;65;36;134;144;124;207;116;147;328;110;122;158;172;201;14;130;264;288;204;157;54;126;90;127;46;51;66;65;25;26;12;30;157;242;22;173;125;42;16;55;129;25;46;137;89;69;141;96;64;19;70;89;64;28;50;54;56;20;41;52;33;13;9;15;12;21;14;30;20;48;88;1;53;57;31;66;49;42;45;20;62;99;77;39;77;68;52;42;39;61;29;28;9;33;46;37;22;33;64;58;20;17;14;31
 44886;683;0;68;117;212;112;248;417;542;305;28;21;67;58;23;39;14;18;15;31;21;4;13;28;30;23;12;44;24;56;74;52;18;16;44;21;21;35;39;66;1;55;39;31;39;15;13;14;33;22;2;8;5;14;14;27;24;1;6;12;14;13;6;13;11;13;9;19;19;6;24;24;9;12;12;4;14;9;4;5;6;1;1;3;4;10;12;4;9;16;9;2;6;6;4;3;9;7;6;3;7;3;3;3;5;7;1;2;1;0;4;7;3;3;1;5;5;5;1;6;4;4;4;3;2;1;2;1;1
 45487;652;31;872;1733;759;493;539;938;893;1277;517;613;432;256;68;101;240;33;527;559;145;184;210;69;72;165;298;394;268;55;150;86;143;144;43;29;34;70;10;100;72;86;92;76;41;2;18;21;16;16;15;26;58;54;23;45;40;25;19;20;7;20;27;19;17;9;21;18;20;16;9;11;6;12;22;15;8;12;9;2;11;7;8;7;5;5;7;2;3;7;2;0;2;8;15;9;3;7;8;3;3;4;5;1;3;0;6;5;5;4;1;3;5;5;4;1;3;2;3;4;5;4;2;1;2;2;3;1;1
 46489;656;15;323;74;406;350;134;54;526;458;116;25;65;108;102;43;65;94;6;22;55;37;17;38;10;15;54;86;27;62;25;38;56;53;59;31;51;63;35;22;33;45;26;21;24;23;30;34;2;8;16;31;8;6;5;19;11;23;41;45;19;6;20;13;12;17;16;9;17;1;13;4;12;13;5;12;21;18;19;29;19;12;19;14;8;8;3;13;9;8;5;4;11;7;11;10;2;7;15;20;20;4;12;9;8;6;7;11;7;11;6;1;3;8;11;12;11;12;7;11;10;1;7;2;5;1;0;2;3
 47888;655;3;95;217;59;203;180;81;97;338;298;80;187;152;39;17;111;54;137;174;69;109;234;59;144;39;133;112;156;124;61;74;72;95;109;108;62;104;37;49;86;58;164;90;68;44;75;42;61;106;229;158;74;57;72;105;94;27;73;29;134;148;19;58;57;56;63;107;68;31;19;28;12;11;5;1;23;12;5;11;32;39;7;19;15;32;11;18;12;22;26;8;13;17;17;16;13;1;24;22;23;34;32;24;12;26;9;18;18;12;19;17;9;23;5;11;7;9;2;1;11;6;20;8;1;3;4;8;4
 48087;659;5;112;205;335;294;130;191;178;180;264;257;196;195;88;38;49;55;61;81;148;170;99;159;52;135;116;141;211;27;177;189;170;102;198;90;157;126;94;26;154;81;94;6;29;121;151;81;61;26;12;30;80;41;85;100;120;167;112;2;89;71;25;4;12;35;37;52;56;53;2;35;20;13;18;35;22;12;32;44;44;33;10;14;24;20;3;46;47;14;17;19;11;26;11;13;6;15;28;41;41;24;27;51;35;18;17;6;7;15;17;3;20;21;8;12;2;20;21;7;6;13;10;2;4;2;2;2;2
 49311;659;22;198;853;1251;1503;990;327;1378;923;278;684;985;164;440;527;896;1354;844;287;114;102;96;263;264;236;342;41;215;248;415;769;769;409;463;520;937;858;514;509;313;507;600;374;200;435;517;258;554;795;729;315;235;509;97;192;96;609;1058;473;141;320;891;1192;482;470;262;232;300;313;385;675;798;424;507;317;166;498;879;451;84;598;585;47;135;128;184;204;124;294;268;364;107;374;403;368;149;166;90;109;156;71;192;287;214;422;494;513;508;217;470;417;312;449;431;326;120;129;187;185;131;160;198;209;117;77;105;99;126
 49488;663;8;175;521;342;349;409;420;139;275;92;141;107;35;113;85;251;391;393;208;82;172;111;174;346;469;476;174;103;205;308;287;232;172;86;159;109;504;270;510;145;230;205;35;288;296;197;79;116;213;249;372;353;36;111;37;204;209;371;388;283;441;424;401;326;213;213;392;366;289;138;100;111;169;182;291;93;203;243;160;138;155;372;418;363;236;43;231;211;162;123;52;62;46;141;154;81;85;123;99;109;116;76;172;175;190;67;96;75;260;261;121;141;0;158;98;42;133;157;106;45;13;58;66;83;106;76;26;18
 49947;672;0;6;19;37;27;25;15;29;43;26;12;8;23;17;4;3;20;22;10;11;20;14;4;8;11;0;12;2;3;12;6;16;16;9;1;6;12;12;11;12;24;21;19;4;14;6;5;7;4;5;2;6;3;6;1;4;5;5;5;8;3;9;2;11;12;7;2;2;2;4;4;0;0;0;2;1;3;6;1;0;2;2;5;4;2;1;6;7;5;1;1;2;2;2;1;0;1;3;4;2;2;1;1;2;2;4;4;2;0;0;1;3;1;0;0;3;3;1;1;0;1;0;1;0;0;0;0;0
 51888;763;3;762;978;900;156;165;864;1460;1610;837;335;1411;1373;500;585;1468;1471;1351;1394;2521;1938;1989;1226;699;1119;1093;164;2536;3041;1555;939;1171;1620;1747;1538;1793;2907;4142;1907;2807;2692;1377;1636;1355;453;380;519;189;544;441;646;160;499;359;818;361;376;790;1306;531;814;995;650;460;318;328;323;325;414;344;113;281;225;314;420;138;76;111;154;516;372;216;191;177;403;514;422;235;439;346;256;93;153;404;177;257;158;137;171;256;69;435;627;682;88;459;270;63;88;131;157;33;288;295;254;168;132;237;135;347;249;153;111;129;119;62;88;79
 52088;765;4;125;407;815;675;183;131;320;495;965;1067;1513;1190;327;486;691;1934;381;1575;969;99;1885;2679;2222;2124;1328;1057;914;1845;1918;1751;1385;684;753;590;1696;2611;1102;2103;3494;3386;644;450;538;282;1092;1233;1797;1581;596;1004;440;1065;1240;668;702;1507;1675;2100;812;2604;1579;936;545;445;393;218;796;503;155;578;492;377;509;113;521;761;736;208;98;146;444;513;370;770;874;732;602;903;607;420;228;571;233;277;284;120;481;693;410;193;416;528;377;598;557;622;552;385;225;168;65;167;125;301;254;91;511;682;750;618;196;253;275;117;61;84;127
 52311;748;9;155;71;56;181;211;441;249;197;350;415;670;1584;609;525;846;482;309;269;822;864;597;1588;1295;467;672;1257;1250;845;933;393;456;605;241;645;1992;2481;3227;3184;2232;1986;1428;1793;1041;722;150;802;1007;1214;1286;374;870;1489;2235;2124;837;1038;463;1208;1172;122;743;1166;1580;652;389;303;402;419;102;30;422;671;374;132;399;639;353;259;291;393;571;772;622;90;160;404;352;207;580;535;339;76;362;240;155;57;399;334;653;809;727;252;251;454;470;365;648;603;11;234;479;518;442;164;185;384;449;225;100;95;109;247;193;154;45;116;63
 52486;692;6;155;158;280;321;111;64;36;93;66;92;91;91;92;73;87;33;46;214;338;156;193;106;169;139;165;35;307;616;482;116;92;43;99;229;324;363;375;202;176;212;146;85;189;213;111;57;65;28;79;78;176;319;183;124;157;92;177;214;108;76;61;60;90;104;71;7;57;72;169;140;79;38;5;38;64;48;37;55;83;84;44;20;29;66;78;49;44;12;30;9;18;7;21;5;50;38;12;3;30;34;52;15;57;46;14;50;46;6;11;28;13;18;12;28;47;49;19;19;11;5;1;10;13;21;10;6;6
 54688;752;3;38;263;358;56;141;112;298;314;150;89;288;390;305;713;1084;217;734;233;377;411;401;217;200;132;335;223;311;471;2193;2943;1242;1492;994;323;680;1184;303;878;987;1071;739;330;752;828;2837;3235;1368;559;886;968;691;373;91;696;380;581;597;1417;1302;1097;3872;2896;931;535;158;184;435;529;478;255;146;206;407;720;546;1003;1502;1020;567;364;345;336;356;263;417;868;621;120;248;529;1802;1795;482;309;303;88;334;495;407;138;210;206;158;322;735;1151;618;431;353;139;191;410;579;234;174;490;311;120;441;997;893;347;92;68;176;186;154
 54888;838;15;505;2973;1159;756;416;1144;882;321;469;878;71;983;1036;498;1552;932;841;320;1864;4146;2267;567;340;1037;397;1270;1731;1927;1591;985;1300;2178;1369;947;2583;4563;2594;1379;1598;7213;3253;1040;2657;1917;1848;1833;1765;2767;3920;3490;3622;2824;2984;2336;2438;7286;6690;8606;5318;7881;4089;4361;2221;1613;1868;3044;76;1296;1504;1219;1742;3177;4223;2281;2780;3206;1478;484;596;699;1240;3819;4668;4781;4742;2654;2092;4176;4708;4773;5042;3640;928;3417;4826;3880;3655;621;3436;2769;2123;8009;7549;3183;1271;2850;2690;594;1664;1184;1991;3523;5109;4113;5335;8653;4093;1734;676;2750;2172;310;1032;1795;1023;1026;1256
 55089;840;13;287;420;117;127;581;1832;2150;905;212;326;432;469;209;203;296;312;192;642;1248;1692;877;350;580;1522;917;711;901;785;1042;800;767;1178;1839;1350;2023;622;875;1495;1674;1595;1598;1616;1956;1536;1164;499;126;1224;3236;2230;2036;1594;338;869;2561;2277;2700;3967;1739;782;2485;1412;1218;1059;1829;1581;1791;1686;1111;954;1990;1170;423;360;931;1343;58;745;777;591;964;2070;1836;1966;1596;823;1939;3337;2098;2458;2626;3062;3106;1547;1271;1015;302;362;1178;1475;835;1940;1624;1969;1201;438;953;661;903;2312;3906;3305;1355;1271;2114;2994;4232;5474;2578;1568;1802;70;716;973;438;1185;1491
 55287;704;0;2;64;64;197;336;404;463;247;534;563;398;706;405;266;72;226;554;722;2316;3944;1981;861;559;1007;666;142;433;720;402;325;369;649;440;769;547;604;917;249;238;279;215;137;72;78;84;92;76;79;52;63;72;77;135;138;236;232;33;129;78;42;43;86;75;30;56;43;8;8;29;12;7;19;14;9;4;10;15;18;28;15;8;12;20;15;3;7;9;8;8;10;13;4;11;20;20;10;17;21;10;9;18;22;16;4;9;28;56;35;16;5;20;15;3;5;12;12;11;6;5;4;3;3;0;1;1;0;3
 55488;783;10;71;56;70;196;751;1131;1490;982;378;395;242;164;138;120;200;159;172;503;376;579;212;131;211;462;241;231;502;814;587;384;208;809;678;483;632;1099;918;467;612;1001;1221;526;215;389;536;639;760;822;484;605;713;664;815;281;322;1380;243;1949;2103;1757;676;965;360;272;600;428;555;1101;872;928;1257;397;329;654;794;540;736;1592;1279;1580;1589;755;556;1454;1895;1464;2491;2766;2601;1761;270;476;647;799;1207;316;111;1845;2905;2578;954;1170;3792;2371;954;930;550;834;409;1326;604;1652;2617;2954;975;2020;3166;4406;3442;1479;756;1636;1571;1630;614;668;1558
 55687;780;1;107;128;145;187;352;968;303;796;723;524;206;252;254;152;102;249;127;479;550;897;1451;316;290;263;492;327;524;434;299;101;466;216;268;474;597;765;831;1812;3891;2847;710;1040;1011;683;651;450;556;774;1328;658;1748;3161;1663;602;665;505;1237;553;2928;2774;2137;856;1313;1182;786;481;476;1741;2035;534;1140;1430;1005;575;537;260;485;922;763;629;751;1097;1461;1195;439;292;863;1561;1059;1434;1209;758;402;1942;2588;975;2029;2018;2659;2146;1883;1540;325;1412;1408;1555;1437;675;145;296;533;355;1037;3145;3583;1531;1209;1227;2208;1859;907;1036;1191;277;343;322;560
 55886;785;2;233;313;258;207;910;1403;1489;1045;192;267;144;353;9;67;143;200;169;145;336;887;717;327;258;386;178;167;364;71;425;392;565;182;259;164;717;302;1022;2197;1801;1407;1544;1090;743;444;113;191;521;785;2004;1807;1820;888;645;804;841;1134;217;705;933;576;1269;1281;1312;1240;265;1119;1998;1757;949;620;961;1193;416;410;931;1256;299;192;413;435;1005;2756;2667;1277;774;542;422;2720;1948;2516;2980;2313;1552;1870;1130;1947;3167;3359;1202;1890;3151;1656;2193;4156;1617;892;444;1893;1946;1720;1795;1198;1156;2149;1455;153;1442;1133;882;1287;1154;635;308;906;1133;582;927
 56087;781;9;690;1203;265;181;315;1226;1607;1709;1145;252;361;311;409;271;14;58;68;504;494;989;957;955;677;113;77;217;1165;1760;680;19;417;536;1187;1442;847;901;842;624;1795;2356;1027;501;642;1159;622;535;411;672;2495;2579;652;872;727;376;977;1041;2015;2280;1758;1732;1095;741;751;139;508;1409;1553;1703;1271;816;493;463;1272;1536;872;524;975;1286;998;1278;1673;1574;1167;1073;1747;1922;2584;691;1662;2805;923;2216;2317;264;804;1053;437;2135;2279;603;1442;1828;1047;1673;1111;1606;1367;1080;930;1325;645;1062;1049;892;2171;1705;393;547;688;819;731;92;21;513;309;931;1189
 56287;783;4;88;66;273;157;615;395;440;941;862;605;272;356;100;34;81;198;346;388;511;342;476;284;170;587;494;423;617;419;732;928;666;343;276;150;317;795;1295;1881;1315;1749;263;1725;893;1568;1469;903;1528;1711;338;440;547;792;379;304;769;1103;935;1202;664;488;363;342;304;337;945;1227;1424;618;912;2134;843;892;974;409;381;401;874;319;249;550;450;1222;1263;798;469;1081;1530;534;1138;880;2252;1108;1130;1496;1475;568;1379;1472;1387;1415;396;1985;2069;713;966;1712;1879;373;600;117;429;1169;773;1744;1842;1176;993;610;606;219;450;604;804;596;553;246;502
 56487;666;3;63;9;103;52;84;87;80;497;479;453;844;808;230;145;239;138;100;129;200;80;326;340;104;153;276;116;166;125;161;198;209;88;355;371;235;152;129;524;886;621;257;248;184;219;275;193;89;213;149;114;297;243;164;139;129;74;155;403;631;922;747;293;242;102;114;153;249;248;73;248;471;582;614;639;448;62;78;112;98;121;45;326;160;227;157;66;53;122;108;372;543;547;427;202;195;229;136;846;915;364;222;119;369;589;407;109;130;203;220;197;168;207;187;370;490;502;502;429;232;174;33;41;43;82;245;199;44
 56687;660;2;190;339;286;379;449;793;717;664;872;1035;639;94;385;483;170;96;224;187;179;601;672;488;418;233;519;46;654;939;473;491;383;473;768;700;545;342;966;1403;1166;589;282;57;66;83;339;378;402;469;386;397;237;174;225;120;214;172;171;345;582;649;446;274;173;236;252;90;83;216;198;221;320;169;189;352;278;307;403;242;329;210;99;199;189;327;356;879;1087;300;120;64;241;440;242;104;245;368;601;607;434;174;292;308;135;411;459;145;463;179;189;390;152;485;344;281;349;171;393;474;307;355;220;32;106;195;85;102;108
 56887;794;3;103;241;453;283;722;1121;1101;811;378;503;557;330;218;256;275;395;330;401;302;646;790;524;237;299;743;593;655;497;129;93;92;674;459;239;166;759;872;123;870;1513;527;231;1258;719;795;406;1124;1588;1207;780;1090;861;386;450;417;688;875;1311;1760;1342;831;2113;2113;485;149;415;844;664;233;499;1322;1597;883;1060;1032;504;717;800;555;225;489;658;973;811;616;665;694;1100;692;361;1181;2006;1855;650;794;712;633;404;590;1400;1827;515;528;688;933;684;670;1016;563;177;352;555;1830;1706;769;1197;760;1023;1335;381;474;145;285;652;411;619;591
 57089;767;9;252;449;146;287;504;498;742;800;1236;1050;394;472;358;414;193;189;249;194;240;423;524;516;175;354;661;210;428;370;96;547;294;94;237;736;1025;477;476;698;437;400;650;432;468;387;557;792;311;561;495;249;805;551;307;580;552;46;396;503;256;611;428;672;91;367;875;552;194;499;497;825;208;195;471;95;332;332;339;353;75;449;349;499;290;520;255;407;468;275;281;182;349;151;636;318;318;219;356;123;220;269;445;445;482;482;625;704;503;641;390;372;756;679;130;169;311;443;412;457;85;217;307;201;422;136;122;80;212
 57313;773;46;849;564;378;132;757;923;1094;1665;700;1648;635;240;93;655;387;375;664;262;214;513;472;263;470;723;400;858;1162;483;115;455;402;525;554;357;944;858;569;333;1024;1829;2529;1181;1027;946;635;603;476;262;270;216;1035;1190;805;674;687;510;859;429;1396;541;504;684;2147;1168;436;306;477;359;231;555;958;806;1305;1137;784;760;1055;189;479;368;807;439;323;348;479;485;187;310;656;1479;1385;881;536;589;677;475;527;1928;1152;162;902;1823;2113;876;1129;795;1378;1216;246;630;1284;852;1166;2699;1544;816;1257;2076;1068;339;311;358;147;508;562;333;215
 57489;655;3;109;250;140;205;377;843;1678;886;484;878;686;955;436;362;162;222;389;328;270;106;449;396;104;431;256;381;205;274;311;210;357;443;123;81;42;163;52;67;164;162;172;79;86;100;89;100;50;58;91;142;288;270;176;100;71;39;65;39;199;228;40;122;73;16;71;107;81;80;75;70;74;76;32;104;89;43;55;48;11;23;48;13;52;74;47;44;111;70;20;24;77;57;56;39;49;54;150;97;100;86;73;150;165;372;320;258;138;97;55;10;97;85;146;173;275;276;162;124;166;44;34;31;30;18;55;62;32
 57688;768;14;546;532;684;491;1096;1232;2019;4112;2682;2434;1695;782;306;357;256;1320;2251;1497;1256;2190;1894;1247;330;1498;1611;286;1226;1346;1428;566;1076;763;1113;3783;4600;356;1009;439;1233;1217;1831;2236;1807;1924;575;357;823;1511;1874;822;732;2158;329;689;837;1701;1352;2204;2039;784;950;1271;200;1017;1627;1669;319;1161;568;1156;677;618;903;586;481;244;382;341;347;252;711;2030;1541;1073;507;389;600;501;779;1029;1276;1482;1161;104;295;623;148;733;256;550;710;273;697;920;904;654;245;183;120;343;544;227;456;505;176;875;1193;373;306;454;318;270;194;107;160;100;363
 57888;715;12;199;72;124;271;544;639;752;1426;1560;1210;535;62;191;57;227;171;106;221;289;288;251;183;52;262;331;236;132;75;137;176;100;117;128;180;182;216;245;166;134;128;155;174;215;98;56;40;23;128;167;98;126;191;260;253;89;97;169;186;95;133;279;230;174;51;4;53;95;52;23;7;73;87;17;65;95;72;25;20;30;41;30;9;10;30;29;35;55;65;49;18;25;57;59;36;37;31;38;57;91;104;92;63;44;70;99;99;92;60;9;8;14;26;21;2;17;26;40;23;31;19;11;15;13;9;14;3;8
 58086;658;4;180;153;580;551;175;173;506;1165;2273;1230;1107;660;180;315;101;319;325;187;275;202;145;142;147;132;103;219;65;78;98;70;24;120;103;179;205;164;99;67;96;53;69;167;79;118;102;42;20;40;44;80;170;58;119;21;94;118;84;42;33;34;27;49;80;110;81;68;55;80;59;37;20;28;12;16;11;30;27;21;44;23;15;18;40;17;44;59;73;46;38;44;40;31;16;37;62;37;109;142;94;174;126;158;208;119;121;33;155;118;45;17;25;82;91;79;14;27;85;95;75;24;22;11;21;6;11;12;21
 58335;660;4;67;56;58;35;91;255;962;1372;1112;991;476;591;303;230;126;281;302;315;187;261;118;122;124;121;110;84;151;118;61;73;33;57;92;193;178;143;135;80;64;31;53;50;18;29;14;20;22;13;9;25;27;21;28;33;47;27;22;5;16;28;39;17;24;38;14;25;22;15;6;4;13;19;8;5;4;9;9;9;8;8;6;5;1;3;5;3;5;4;10;14;8;1;9;5;10;4;5;2;2;2;5;3;8;9;4;6;7;6;0;3;3;4;4;5;8;3;4;2;2;4;2;1;2;2;2;1;1
 59155;652;0;11;40;52;110;164;68;119;338;233;396;555;326;73;143;184;62;102;281;212;29;110;65;74;239;194;29;214;182;73;271;126;139;141;107;72;126;58;42;62;83;85;98;61;23;47;67;53;28;37;23;21;8;18;42;30;22;10;12;4;15;9;8;6;11;13;14;26;17;2;4;10;6;6;12;13;10;9;5;5;9;5;10;5;13;11;8;11;7;0;13;20;18;13;10;4;5;8;10;11;13;3;8;7;9;11;6;7;5;1;3;5;9;12;8;5;3;5;4;3;4;3;2;2;1;0;2;2
 61687;681;5;89;75;46;58;82;237;331;571;1599;1216;209;422;509;378;137;10;116;134;80;324;492;21;357;109;271;345;255;204;489;448;132;221;348;717;581;452;601;1032;466;304;843;903;616;1123;847;283;366;269;357;757;741;712;847;173;569;614;380;430;477;98;719;984;373;326;351;187;56;267;151;258;246;104;115;94;195;135;40;47;127;257;252;100;91;7;22;55;78;114;259;215;100;157;139;78;92;30;19;88;106;155;146;139;120;251;334;158;178;215;83;14;106;138;51;103;163;118;81;49;38;29;17;41;50;18;19;41;29
 61921;658;1;37;41;78;14;131;264;409;152;131;236;168;297;65;84;137;66;78;136;83;56;252;376;111;102;170;95;12;88;148;168;186;166;40;94;69;121;173;62;179;50;149;59;30;24;14;42;54;61;51;76;62;23;35;33;46;38;22;8;23;22;29;41;6;26;22;27;29;45;48;33;6;3;17;7;11;20;1;19;14;6;6;10;9;9;13;15;14;16;11;11;11;12;14;10;10;13;7;18;20;16;20;15;15;5;12;18;10;0;9;14;7;15;13;8;6;6;8;10;3;2;1;0;2;6;4;3;1
 62560;693;0;13;37;22;41;64;130;106;135;236;267;179;132;125;79;71;11;69;10;76;174;130;40;57;59;76;51;140;149;89;84;81;88;138;167;297;249;113;125;74;45;137;41;21;33;55;23;25;49;49;39;87;62;56;34;28;10;18;18;38;30;39;70;8;34;36;36;30;50;57;75;74;25;47;52;31;47;25;1;7;4;14;20;25;28;16;14;13;15;8;5;13;16;3;12;18;13;3;16;23;21;20;17;8;16;13;22;21;24;7;1;0;10;6;12;20;19;9;11;12;5;4;8;3;3;2;4;3
 64486;767;2;367;501;258;215;214;463;710;930;219;128;389;346;343;825;1204;774;990;1046;1116;1072;704;1394;1231;493;897;993;316;896;2332;2949;1042;2220;1695;695;499;616;1486;1224;1050;1108;450;973;1643;1314;354;1077;631;1423;1004;531;857;724;907;1220;886;194;1956;1098;885;1174;1134;1665;474;1219;2230;1637;412;219;182;489;428;255;578;1004;390;260;214;329;535;398;437;212;374;281;811;763;426;709;196;366;241;400;1196;1529;524;905;1044;395;850;1151;1013;804;474;977;567;1037;836;480;380;203;484;743;853;880;387;163;510;613;204;336;255;246;58;84;87;108;160
 64688;760;6;108;141;102;141;128;347;128;696;518;705;879;294;196;322;494;427;578;649;1303;1422;870;1322;542;600;440;1024;1863;438;1673;850;285;1209;1332;602;234;271;667;2180;1836;1700;1544;811;506;1091;2500;1252;750;689;568;1365;2258;774;1300;972;787;1676;1448;1077;574;1119;2311;1653;562;988;1087;1091;960;400;1320;1071;812;1068;1272;1282;1701;1421;556;478;1343;1503;848;301;950;1186;477;714;274;371;601;1350;1225;428;223;503;569;981;1628;1300;539;813;794;810;875;312;1584;1691;964;119;336;829;827;601;220;577;863;861;284;159;500;221;156;379;166;446;215;148;66
 64887;769;4;63;216;413;297;128;110;425;1396;1001;1276;1199;154;223;314;384;342;800;712;613;304;741;1335;1057;792;491;825;682;1048;652;1289;1014;1208;1156;549;1990;2383;483;1110;1230;1140;3115;1965;485;623;1440;1774;1508;780;1242;1082;152;840;1840;1380;325;1422;1973;593;1426;1568;704;187;907;2067;2397;1229;694;1078;615;213;210;162;576;435;512;397;281;663;1378;1142;204;796;721;785;533;397;892;1941;1559;1171;777;311;726;762;518;392;960;436;130;854;932;639;405;863;923;174;293;210;593;1008;780;1045;982;850;849;749;833;738;222;185;286;106;158;332;464;118;315
 65086;763;2;53;154;281;145;140;155;139;99;277;393;320;496;265;279;375;288;396;295;201;713;169;428;139;439;281;526;94;163;294;478;419;125;217;338;447;698;756;600;722;288;128;311;318;317;169;232;199;752;667;102;266;38;540;579;681;921;938;327;465;554;344;635;564;374;239;789;613;372;319;369;520;662;475;488;225;214;92;98;171;275;290;218;215;185;192;107;222;393;256;285;244;120;161;56;163;57;112;178;141;234;203;193;502;397;442;451;291;268;45;214;218;194;167;117;114;71;146;239;258;146;88;86;47;30;28;75;65
 67292;880;10;210;452;1065;626;93;390;337;140;119;109;84;76;33;7;7;27;22;30;49;32;15;40;26;8;7;6;13;21;13;19;3;15;12;14;23;26;25;9;2;6;7;3;11;12;13;6;10;10;2;4;5;6;1;5;7;7;3;1;4;2;0;2;4;7;4;3;6;3;2;3;3;4;4;0;1;1;2;6;2;1;1;0;0;3;0;2;0;1;1;2;4;1;0;1;0;2;2;6;5;0;1;5;5;0;1;2;1;0;2;1;1;4;2;0;2;3;4;2;1;1;0;1;1;0;0;0;1
 67488;653;3;224;788;767;109;252;299;94;240;160;27;75;96;14;7;12;67;64;43;3;37;30;21;26;36;17;9;24;19;25;19;3;26;24;40;15;17;11;3;10;8;8;13;3;5;5;8;12;6;2;2;7;7;10;7;3;9;1;2;5;4;4;6;7;8;6;4;1;4;4;4;5;5;1;1;6;8;5;2;1;2;0;2;4;3;3;3;5;3;0;1;1;2;1;0;1;0;1;3;5;4;1;2;1;2;2;2;1;1;1;0;0;1;0;2;2;1;1;2;2;0;2;0;1;1;0;0;1
 70497;732;0;5;38;57;94;126;94;31;75;60;294;506;160;116;112;203;68;32;54;130;137;141;118;148;73;22;37;208;380;288;247;143;81;58;283;160;10;64;77;92;120;63;58;144;63;60;45;44;167;100;68;111;205;151;144;120;6;19;104;75;40;27;11;7;21;93;99;78;53;38;111;60;33;15;11;7;19;12;53;75;18;10;14;8;30;96;119;113;43;19;16;20;45;29;18;7;24;30;24;22;13;9;5;20;41;25;5;48;21;6;25;28;12;7;16;24;26;44;26;8;6;4;6;9;12;12;18;11
 70891;659;2;40;30;73;13;33;46;137;187;167;314;415;204;49;136;412;450;865;610;188;223;368;544;235;224;78;107;360;579;279;384;196;102;414;642;708;414;446;145;156;194;156;171;276;203;134;376;268;141;273;38;179;98;222;11;374;907;756;222;118;127;158;160;25;111;40;99;288;286;37;48;70;59;28;68;67;23;34;38;50;36;33;61;40;45;98;139;85;68;158;209;166;21;24;96;109;45;42;64;74;37;46;50;93;82;52;43;60;47;34;42;74;8;47;41;14;11;20;45;62;36;37;29;24;37;41;18;17
 71326;676;4;48;47;115;136;302;166;426;400;398;1520;1540;1122;337;261;567;782;1573;519;872;743;559;626;539;1344;2363;2066;1223;1728;252;1574;1104;425;2452;4225;2404;1217;289;530;488;592;2284;2862;1931;970;692;89;495;452;2549;1399;1182;1204;2233;1343;2989;3525;1767;1184;170;813;1016;1015;175;378;878;523;962;1575;1800;1204;448;194;246;216;69;341;553;1198;521;278;512;669;589;656;460;895;1881;1130;836;676;1213;1059;544;49;72;51;96;1109;1199;346;761;968;1382;2929;3046;1185;957;255;304;436;439;179;117;112;81;56;221;131;95;272;319;222;231;121;60;32;93
 71731;753;0;26;51;21;213;429;598;262;373;138;160;392;767;444;164;751;563;548;513;743;1043;473;725;404;380;702;942;149;528;158;499;425;256;764;851;901;1076;1531;1408;302;916;776;555;600;351;194;141;107;434;244;921;1603;881;639;1038;2988;7076;3916;352;702;1052;565;194;227;372;391;239;141;93;139;118;261;409;121;132;538;782;1031;534;273;228;479;340;243;31;34;150;105;385;589;613;517;76;401;165;25;64;50;144;307;290;251;384;628;294;238;504;573;250;176;192;210;168;224;243;285;270;92;28;239;171;47;3;62;22;39;70;100
 71888;657;0;17;58;79;42;7;33;23;50;45;25;34;9;45;90;213;162;37;76;72;79;39;42;95;63;55;52;69;110;83;11;40;51;104;153;97;29;32;57;47;55;76;96;66;28;30;15;7;10;37;36;71;69;23;25;75;132;19;44;28;18;14;30;18;15;12;1;21;38;24;9;2;9;4;1;13;18;10;6;13;12;4;0;4;5;4;7;0;14;18;12;12;7;3;9;5;5;4;4;2;3;2;2;3;6;3;2;4;5;1;0;0;2;4;5;3;1;4;2;0;1;0;1;1;1;1;1;0
 72095;652;0;18;75;30;40;51;60;95;55;37;284;359;39;31;147;265;106;117;106;36;199;174;307;332;169;27;93;171;140;22;84;77;121;183;336;156;18;96;118;74;38;123;159;113;76;49;22;37;24;33;30;213;225;83;48;82;172;238;69;52;74;56;51;12;19;13;40;125;161;66;21;10;17;8;25;17;6;6;5;34;20;6;17;22;26;73;63;25;26;55;52;31;22;8;6;49;55;17;22;30;34;20;16;13;14;16;5;16;7;15;19;8;13;6;12;13;17;10;0;0;1;4;2;3;5;2;2;5
 72344;773;0;14;39;37;41;31;30;28;73;60;83;169;23;34;100;159;65;78;109;80;243;346;146;113;29;94;218;262;380;244;149;130;135;292;431;293;111;34;42;110;180;83;120;171;67;14;58;123;204;251;105;49;50;60;52;52;136;66;49;42;8;77;39;2;7;16;34;92;76;25;39;14;7;18;5;21;15;19;13;11;16;9;11;19;11;22;31;29;13;13;9;16;27;17;15;15;18;11;6;13;13;5;11;11;9;4;6;13;11;6;18;10;4;10;7;3;0;3;2;7;5;6;6;3;3;1;1;1
 72487;658;0;7;30;45;17;143;139;84;87;309;621;711;475;258;21;518;464;399;186;197;557;966;453;161;377;246;418;632;518;666;655;68;73;74;410;488;173;469;354;282;319;365;1136;758;113;125;212;213;428;941;521;415;560;151;375;535;536;185;116;110;36;104;83;122;82;67;32;336;447;284;170;46;17;40;91;54;101;181;169;194;97;45;5;73;115;138;217;55;40;25;127;133;83;136;61;140;150;48;19;22;61;59;49;21;61;48;12;64;111;65;34;33;46;28;22;29;15;6;30;35;54;65;20;18;10;15;17;8
 72687;729;2;45;28;92;103;161;520;617;859;617;1410;1301;636;746;827;797;438;446;179;205;55;205;189;182;188;308;146;1770;1571;628;881;403;470;295;1361;1385;554;480;558;158;322;651;579;322;196;89;406;492;964;1537;1127;1027;1143;212;261;760;3039;3073;913;433;223;64;258;365;61;185;560;1263;2128;784;81;28;101;86;139;73;154;234;298;161;80;201;41;299;111;332;441;468;117;538;632;499;468;569;162;158;188;99;364;190;92;274;8;625;594;257;123;220;258;189;105;127;179;154;37;115;168;430;412;347;338;67;150;165;57;47;58;29
 72932;729;1;33;68;264;939;983;90;832;663;217;312;844;388;278;617;911;1143;535;308;386;1926;1942;846;484;384;494;408;78;417;333;398;614;1562;1312;104;573;849;756;616;1453;775;816;743;358;246;375;152;106;537;1725;984;129;254;161;544;569;2850;2191;109;1161;1463;734;408;297;554;528;285;219;274;373;154;192;149;98;238;536;487;301;365;415;442;388;226;139;252;837;942;607;704;509;519;422;608;571;498;672;867;242;405;699;106;283;172;662;725;348;308;246;222;276;338;119;133;204;88;109;464;605;252;78;70;118;84;32;73;166;141;96
 73090;783;1;49;110;141;107;189;130;83;302;263;59;768;811;45;298;322;549;638;245;207;224;233;137;255;267;61;99;842;990;369;100;239;289;399;389;148;366;116;126;313;194;247;217;184;236;424;276;206;130;294;138;274;275;254;162;92;332;329;168;61;62;47;189;37;176;532;436;147;161;12;102;138;79;58;35;73;61;30;57;81;79;31;49;24;38;48;158;138;58;133;122;62;91;143;154;47;51;31;46;91;69;4;9;15;39;50;46;43;50;14;10;41;43;52;56;33;20;36;29;49;36;28;12;15;13;17;6;18
 73288;686;0;22;7;26;19;43;15;24;10;18;73;100;40;43;19;5;43;98;81;94;51;200;133;32;16;32;43;59;91;56;28;46;67;162;154;40;38;55;30;29;8;29;53;33;17;12;17;27;44;31;6;29;52;48;83;82;65;38;10;11;23;21;8;3;22;47;17;22;26;19;11;12;9;3;5;14;7;3;8;9;11;1;6;1;8;7;6;8;1;3;5;5;5;3;5;4;5;5;8;2;4;2;2;2;6;5;4;4;3;6;9;3;4;4;1;4;5;0;2;2;3;1;0;1;2;1;0;1
 73487;681;1;31;51;46;72;88;63;95;104;5;173;193;147;65;56;147;126;78;79;40;49;269;445;226;101;27;34;115;179;157;100;57;214;138;102;88;143;149;268;255;116;233;82;58;35;69;50;33;66;168;174;66;52;55;13;68;151;97;39;45;53;16;11;21;17;10;8;42;95;79;35;12;27;22;33;23;18;16;37;66;36;18;11;12;11;22;35;24;17;24;28;46;29;24;42;50;25;16;24;16;32;11;9;19;16;4;9;8;13;13;3;5;3;2;4;7;4;10;7;2;10;6;1;2;4;0;1;3
 73688;658;0;22;64;92;97;109;34;193;129;120;316;637;292;124;85;151;186;148;229;101;269;880;352;352;178;119;426;462;323;254;206;200;277;1425;1903;828;139;289;464;302;60;219;332;787;506;187;488;444;118;101;199;3;194;242;285;147;150;162;38;64;109;75;99;11;59;51;68;88;193;200;175;261;242;84;44;44;49;138;100;56;59;73;45;51;146;118;37;133;69;145;88;78;97;44;10;67;73;57;28;23;42;22;29;60;20;50;153;149;30;11;54;42;39;19;57;66;6;32;47;2;7;49;21;17;31;22;17;20
 73888;677;0;13;55;74;134;142;337;498;250;70;193;432;209;184;230;333;595;178;188;232;174;735;608;153;119;300;343;939;1110;513;720;281;292;1263;2304;920;150;365;515;306;196;301;336;704;444;177;111;230;371;205;85;320;349;253;304;216;283;389;321;57;290;230;159;113;233;21;463;450;157;103;225;122;46;31;134;151;72;165;143;88;88;76;36;47;150;113;119;87;29;156;81;69;45;107;184;79;9;60;123;201;213;157;105;52;19;135;121;102;111;44;21;9;20;52;41;64;114;55;8;31;45;20;3;25;32;9;22;34
 74088;678;4;56;52;77;85;31;259;327;104;158;1042;1183;171;38;505;939;1606;1211;519;187;195;582;230;132;109;267;168;713;739;793;870;386;768;1287;408;784;157;259;183;209;467;185;938;810;453;227;129;82;83;112;234;141;317;305;365;256;443;386;352;316;229;343;141;242;87;107;251;321;143;104;123;191;134;60;15;116;57;88;123;19;88;32;49;25;61;39;142;188;53;123;160;365;184;108;140;80;83;61;62;92;73;29;160;199;60;38;60;79;88;104;174;134;20;12;28;64;51;38;42;20;17;28;16;37;27;22;30;10
 74317;802;5;35;38;180;131;299;74;573;727;449;1013;1926;478;467;614;118;1686;1914;648;1038;849;654;900;2052;1646;1231;2543;2931;2334;2072;2978;2497;3595;2733;2360;1591;1977;3127;3246;2116;1404;1058;1852;1621;453;700;652;611;495;2805;3709;4524;4103;1154;1822;5627;5747;1421;936;691;304;212;151;526;362;222;136;2099;2884;2456;2190;1159;675;212;395;199;340;333;561;641;617;344;225;58;499;1083;621;2427;1941;2341;1030;1219;249;128;325;297;169;410;336;560;804;1795;1309;1177;447;1186;1048;1068;477;986;861;608;702;561;312;124;263;301;77;266;150;46;48;111;81;174;84;102
 74888;756;3;66;122;156;228;184;183;111;53;142;189;397;187;108;385;495;478;655;736;378;149;3720;4103;760;329;175;972;1052;482;310;547;165;252;1846;2203;1042;109;2000;2919;655;361;359;861;156;242;274;79;140;102;272;151;878;424;3111;2668;2455;3521;1935;626;699;603;696;522;483;461;1363;1263;501;564;325;506;348;178;204;597;709;534;790;390;129;171;129;43;267;155;620;488;750;601;309;448;235;762;152;223;142;172;269;604;363;299;360;234;427;734;652;102;154;228;161;123;142;210;384;237;106;50;59;168;208;170;158;127;162;155;46;51;195
 75087;710;2;37;42;21;68;40;42;22;49;102;1567;2700;958;97;261;178;351;263;293;399;360;545;978;523;57;344;909;1707;1611;798;204;347;328;987;1661;1840;236;541;976;309;199;308;306;805;958;402;441;189;361;495;587;905;515;656;910;239;1119;734;89;137;83;146;221;162;37;110;438;942;822;285;285;222;104;99;110;344;250;218;121;348;161;68;31;8;84;407;414;99;187;194;368;321;104;95;28;19;91;77;40;98;68;69;87;114;166;13;154;150;157;108;92;110;75;45;78;78;42;98;120;82;64;32;53;95;22;43;37;22
 75288;702;0;31;58;62;55;38;12;38;33;7;92;160;62;20;35;11;28;32;13;33;11;77;84;52;18;36;20;64;71;30;194;123;26;33;57;31;38;33;114;230;107;159;272;101;56;67;85;18;29;62;36;54;52;17;11;14;58;79;28;8;11;3;10;18;15;6;11;24;26;2;18;9;7;6;1;9;10;9;12;12;3;5;5;1;7;15;10;4;2;3;6;8;6;3;9;5;0;1;4;4;1;1;1;5;2;3;2;0;2;1;1;3;2;2;0;0;2;1;1;2;1;0;0;0;0;0;0;1
 75490;696;2;35;48;88;219;229;51;17;36;44;770;1137;746;325;697;1056;284;164;572;308;527;431;110;246;48;209;905;899;1355;381;326;157;1189;2217;1351;295;88;118;191;687;301;311;339;857;1221;606;15;162;185;394;211;201;55;608;539;455;1024;1472;778;95;264;187;45;185;316;202;478;961;750;144;128;72;50;74;73;101;94;251;78;106;116;12;80;20;162;263;108;57;87;28;89;93;165;70;199;186;14;70;64;22;1;19;54;124;103;108;127;126;269;145;95;219;104;90;109;67;45;54;32;34;36;10;14;27;36;37;51;41
 75689;660;0;9;16;40;42;7;46;28;87;66;155;291;148;15;51;149;102;162;168;98;87;330;476;233;118;70;87;202;214;339;374;49;71;357;376;300;213;204;582;853;372;97;146;30;103;132;38;130;292;394;198;144;188;151;62;211;178;107;48;51;49;49;23;22;36;75;82;112;81;111;78;67;73;76;28;32;34;71;118;97;57;89;47;4;42;76;66;18;43;35;36;85;76;21;11;43;45;9;16;44;21;27;31;29;8;8;28;18;24;39;26;29;21;12;14;14;25;21;10;6;7;4;8;10;3;4;2;7
 76088;743;3;223;431;309;195;467;581;361;400;644;327;64;87;128;89;27;60;104;110;149;328;330;583;825;353;304;272;333;81;110;67;474;1529;854;1760;2426;592;252;146;323;593;1440;5312;5784;853;189;139;69;24;89;118;167;138;36;62;124;84;95;298;73;267;664;1012;604;102;50;44;73;26;15;54;29;28;43;56;152;202;99;50;64;57;22;26;11;25;6;39;28;366;718;306;48;74;71;96;118;40;90;39;35;56;35;42;13;37;34;13;9;7;19;33;28;19;5;134;150;45;32;33;8;16;12;4;3;2;9;9;3
 77155;682;9;185;233;264;39;19;46;39;47;23;32;45;27;10;9;11;4;5;14;12;16;21;3;6;9;3;6;7;2;6;1;5;10;15;11;11;10;8;1;3;3;3;0;1;2;5;2;1;1;2;4;6;9;6;5;2;3;6;3;3;5;5;4;3;5;1;4;4;6;4;1;3;2;4;4;4;3;5;7;3;1;2;3;2;0;2;3;1;2;2;1;1;0;0;1;1;2;6;3;1;3;0;1;1;0;1;3;4;2;3;2;2;1;4;2;1;1;1;1;1;1;0;1;2;1;1;0;0
 78089;845;431;20810;29244;4203;3313;5832;4812;1986;4324;3516;526;2610;4299;3855;697;247;700;3361;3239;389;221;1281;362;421;839;1397;1110;2442;1839;692;771;664;776;314;352;774;1047;624;229;351;652;702;426;46;165;33;305;53;309;50;244;285;110;222;452;10;202;173;841;633;290;164;172;165;293;42;156;213;122;111;204;474;571;482;388;328;160;128;417;419;178;235;207;78;25;197;299;296;91;94;67;59;28;71;112;148;33;89;155;247;143;162;153;123;86;179;80;33;105;116;69;40;65;57;33;7;29;21;75;88;108;67;21;51;38;25;26;41
 78288;674;6;877;985;344;109;218;108;31;44;127;103;102;123;57;46;91;127;44;42;27;15;37;31;22;32;29;13;9;14;10;28;31;9;3;15;36;21;2;16;14;6;7;3;7;4;4;10;1;8;5;2;2;5;7;5;9;7;5;14;9;5;2;1;5;2;4;6;7;4;3;2;2;2;4;1;4;6;4;0;2;0;0;0;3;2;2;0;0;3;4;0;2;2;1;3;4;1;4;0;0;4;5;2;3;1;2;2;2;2;0;2;2;0;0;2;1;1;2;0;2;2;1;0;1;0;1;0;0
 80087;713;2;178;611;296;157;65;19;104;145;46;98;80;99;101;64;6;95;143;71;54;78;10;15;24;35;10;25;33;38;61;20;34;8;29;47;31;24;0;14;14;13;6;6;15;5;13;8;6;17;4;8;10;10;10;2;5;12;6;10;7;1;7;8;3;5;2;1;5;1;2;3;5;3;7;12;6;4;5;3;2;5;3;4;3;7;0;4;1;5;1;0;2;4;2;0;3;1;4;1;3;5;1;1;4;3;0;2;2;4;5;5;4;1;3;4;0;2;3;0;1;0;1;0;1;1;1;1;0
 80311;834;79;1632;1627;513;241;326;517;238;213;383;302;89;42;48;119;102;102;8;135;137;136;228;248;113;86;128;78;62;27;49;66;41;29;69;27;53;42;8;11;19;36;27;31;3;11;15;0;2;10;11;9;18;3;4;13;16;28;7;3;5;1;10;6;7;2;2;6;12;13;10;0;4;3;4;3;3;4;1;6;1;2;3;0;3;3;3;3;2;4;3;5;2;3;1;3;3;0;1;4;2;2;1;0;2;0;0;0;1;4;2;7;6;6;3;3;2;2;2;3;1;1;0;0;0;0;1;0;0
 80488;752;83;1703;1890;77;594;466;266;86;128;242;285;83;176;126;44;93;224;223;156;40;74;163;206;171;32;54;127;168;153;212;116;67;30;87;55;5;16;23;23;20;20;26;12;0;2;10;2;21;37;33;11;10;5;14;7;21;25;10;6;13;6;2;5;5;4;10;10;5;1;8;5;7;1;12;14;7;0;4;5;9;5;0;3;4;2;3;3;0;1;2;2;1;4;2;3;0;1;1;3;4;1;1;1;2;3;3;1;0;0;1;2;4;1;3;3;1;3;2;0;0;1;1;1;1;1;0;0;1
 82686;712;38;2717;1432;1969;755;422;1607;2899;861;1390;512;280;81;248;859;1093;1273;988;685;399;849;921;950;838;718;859;192;98;650;952;213;464;254;561;652;256;213;408;340;474;407;132;64;68;102;104;63;180;89;25;74;154;185;127;5;108;132;212;163;129;100;23;86;121;142;113;64;71;58;36;59;33;65;83;71;36;34;58;25;3;29;53;35;42;39;32;41;14;8;4;40;22;18;33;48;33;24;37;40;17;17;18;60;69;42;14;27;19;7;10;19;38;19;33;38;0;12;15;17;14;5;2;1;9;7;2;3;3
 82989;655;0;40;34;56;47;1;45;84;42;97;60;21;30;47;33;32;25;35;21;21;21;32;23;9;13;16;3;24;22;24;24;12;21;3;9;23;29;19;3;18;17;3;10;10;15;10;2;2;7;16;13;4;2;14;17;15;7;7;25;23;3;5;10;16;8;0;7;6;7;10;9;3;4;3;1;2;4;7;7;7;6;9;5;7;4;3;6;3;1;5;4;4;5;3;5;7;4;3;2;5;8;4;2;1;2;2;4;2;3;3;3;3;2;0;4;3;2;1;0;0;3;3;1;1;0;0;0;1
 83500;715;0;15;20;50;9;3;23;18;25;17;7;3;0;14;45;109;140;153;72;55;70;48;38;6;22;27;7;40;25;43;42;42;12;43;47;43;16;16;7;12;22;21;8;5;15;17;7;10;17;20;8;4;4;4;12;18;11;5;3;13;14;9;11;11;11;6;2;8;8;3;1;0;2;2;4;4;3;3;6;11;8;0;5;2;2;2;4;1;5;1;2;3;3;3;3;3;2;0;4;5;3;4;6;3;3;1;0;2;2;2;1;0;3;3;0;3;3;1;2;2;1;2;1;0;0;1;0;0
 85549;652;4;102;107;218;263;109;56;54;55;34;43;52;22;18;113;96;99;85;14;50;124;98;103;95;105;55;28;71;79;31;94;143;86;98;56;31;48;52;32;66;66;89;174;115;72;83;21;69;49;48;6;41;45;50;35;67;63;71;20;5;77;41;25;64;47;61;116;74;70;63;93;75;22;14;13;30;29;25;41;49;57;36;52;56;19;31;47;35;39;27;7;14;10;13;23;27;46;23;30;25;23;27;63;59;40;13;33;50;20;21;94;76;2;28;32;88;124;109;37;24;28;17;21;4;4;2;3;5
 86500;664;2;149;194;216;103;390;257;88;51;17;21;145;225;145;60;3;20;90;139;108;61;146;93;20;107;72;37;67;81;96;109;88;53;53;90;154;114;127;99;103;106;60;57;81;81;118;81;40;105;158;93;62;35;101;136;31;34;17;40;41;61;15;51;66;41;86;36;53;49;49;64;46;38;67;31;55;31;1;46;20;10;9;14;43;45;28;47;36;17;49;36;20;13;8;20;22;14;28;18;24;28;13;88;115;41;11;65;58;55;58;62;33;73;92;53;122;70;79;61;68;41;23;11;3;3;14;7;5
 87340;653;1;66;773;1715;725;315;443;208;173;33;124;389;331;81;190;157;57;99;70;104;127;91;34;65;87;52;30;45;34;97;24;142;125;23;118;101;87;32;91;242;209;122;122;191;69;24;63;122;62;48;131;120;149;138;114;158;314;195;108;78;60;147;145;74;30;65;24;34;20;76;79;77;20;46;39;61;54;47;43;55;79;36;37;58;32;15;27;27;29;82;59;22;20;15;54;40;48;47;18;50;42;65;63;50;23;18;29;64;102;34;38;39;61;83;105;69;57;73;85;39;15;26;13;6;12;2;7;2
 89286;661;1;46;120;302;643;237;97;79;58;80;118;105;122;111;102;35;28;93;65;24;37;110;127;20;90;54;59;71;63;23;46;38;6;74;121;84;139;126;85;92;112;97;66;28;28;25;17;119;132;66;33;45;96;67;10;16;56;45;35;42;17;20;46;55;27;36;17;42;25;50;53;17;46;51;53;41;83;58;26;23;20;35;17;24;36;23;12;27;14;4;16;17;14;19;16;28;29;4;35;4;32;32;47;18;24;20;30;32;73;74;80;74;63;52;76;77;79;68;26;45;31;35;22;11;1;5;4;7
 89887;676;0;432;1594;593;231;133;51;77;105;107;148;122;170;105;51;63;95;154;124;107;350;259;180;207;183;134;130;206;111;259;210;347;334;218;89;192;152;86;36;84;452;249;56;169;199;389;732;386;362;386;201;78;168;280;119;73;319;428;370;120;77;97;55;67;140;202;135;79;83;75;30;69;61;100;55;81;77;43;58;82;23;59;29;54;16;29;18;24;5;13;62;43;23;37;29;56;65;14;41;30;24;19;14;32;69;72;36;37;86;111;67;98;84;49;79;40;65;40;50;59;14;14;1;3;9;17;11;6
 90311;691;18;187;2657;5281;1671;61;129;153;690;486;119;174;56;71;47;103;92;95;121;246;170;13;123;63;90;107;61;116;139;197;75;64;70;26;57;115;21;66;36;83;220;293;209;57;66;164;93;123;100;185;244;222;79;28;21;26;97;51;71;109;149;124;75;140;138;81;32;30;2;21;32;55;80;118;110;59;40;26;36;34;76;49;48;49;13;35;19;77;83;59;49;14;14;27;22;26;20;17;30;16;46;58;78;67;29;31;61;4;91;110;50;57;114;78;16;6;56;27;60;44;35;16;10;2;3;11;9;10
 90487;679;0;137;1019;1383;831;1503;3580;4400;991;714;134;485;246;226;89;127;238;205;259;142;169;201;132;121;73;64;80;132;124;61;37;49;143;118;67;95;114;136;70;123;59;164;141;160;87;33;45;116;144;69;42;43;33;21;52;33;15;17;40;95;82;61;103;105;48;58;15;54;66;39;43;20;47;47;34;38;47;28;65;45;19;12;8;9;34;95;77;21;40;32;21;18;7;6;22;39;19;17;39;61;39;46;52;37;10;15;19;34;45;43;41;47;95;68;27;16;36;45;39;33;5;18;5;3;2;7;12;8
 90720;655;6;86;364;483;174;251;161;64;48;87;172;334;242;109;91;122;131;27;120;39;162;92;93;33;77;166;139;118;104;30;50;151;128;104;141;102;76;25;13;4;115;151;88;112;52;95;69;75;72;58;80;69;210;254;85;133;61;56;95;68;35;41;64;26;40;69;69;27;37;19;37;54;52;35;54;55;116;61;52;13;71;61;53;35;48;53;51;36;46;62;44;25;48;32;14;27;45;42;43;41;45;40;9;35;56;43;35;62;38;75;87;62;47;19;36;33;8;35;50;41;20;11;5;12;6;11;10;5
 91133;661;6;239;247;173;103;84;19;79;49;9;5;58;139;9;83;56;132;221;10;116;160;111;91;56;114;77;113;109;98;138;50;64;70;147;235;170;34;136;121;65;22;71;95;63;150;119;78;68;81;65;87;115;79;65;95;97;126;98;44;62;74;38;34;26;47;44;52;41;76;84;36;27;45;62;36;46;65;4;42;44;20;61;53;58;40;16;14;27;10;41;53;20;19;10;50;49;18;25;34;50;43;55;32;63;56;10;43;10;80;82;31;52;46;16;64;58;45;16;12;13;36;30;19;18;9;12;22;13
 91489;657;8;240;279;743;326;61;181;61;72;55;61;74;49;96;97;108;207;99;75;19;87;75;66;15;96;99;210;213;50;171;119;60;111;77;11;25;67;4;76;69;53;6;62;39;54;16;133;51;105;75;90;66;10;34;105;109;30;17;15;16;33;75;55;20;17;14;44;53;21;34;3;15;19;33;60;20;25;17;32;41;39;27;20;23;25;43;15;21;29;5;27;23;27;18;12;46;42;53;58;33;36;45;57;61;81;73;36;52;58;56;38;100;130;81;95;67;46;81;79;26;14;10;10;8;10;8;2;5
 92357;700;9;875;1644;1400;361;530;205;62;245;188;148;184;81;91;70;15;168;93;294;234;127;92;153;111;79;130;233;195;172;153;35;26;67;145;112;90;135;189;115;27;49;126;47;153;159;75;3;89;111;26;76;31;108;93;69;82;92;175;123;67;20;70;92;56;4;42;30;26;57;42;56;35;40;97;48;118;57;39;105;70;92;37;38;17;13;23;80;82;37;18;27;29;11;31;32;49;15;52;61;24;31;38;21;46;21;17;54;60;80;32;106;95;61;54;88;58;36;36;86;47;15;26;24;20;10;13;9;3
 92688;675;3;567;1556;1445;830;673;461;58;4;58;14;84;78;62;39;52;62;45;76;132;99;87;55;72;84;82;120;95;106;67;35;56;9;54;20;71;169;136;160;155;211;236;72;69;63;54;39;81;154;82;172;98;88;56;64;82;58;68;131;127;36;46;91;55;87;127;97;47;72;40;38;31;36;37;53;51;28;7;57;30;24;54;33;25;26;32;7;17;23;4;36;36;18;9;9;23;8;12;13;22;8;13;19;7;19;17;34;12;10;5;17;25;19;28;15;30;32;30;31;13;11;5;1;1;1;0;2;4
 92889;710;24;872;2282;4945;2029;821;146;122;116;233;141;751;1076;314;246;315;174;269;273;337;577;1053;492;121;123;312;169;58;39;116;130;140;170;162;15;45;16;71;55;98;103;89;56;54;50;63;51;48;78;41;46;45;191;74;62;65;68;66;20;50;46;34;46;29;30;15;68;48;26;18;36;31;70;78;28;17;9;28;23;47;28;5;10;4;12;30;30;23;6;17;23;27;18;19;13;14;7;17;24;26;18;24;21;38;16;6;5;20;20;5;20;21;5;4;5;1;2;3;3;4;8;3;8;7;3;6;5;3
 93348;679;1;448;1025;1748;2835;1543;976;417;691;1291;709;472;190;147;63;160;171;269;159;214;121;246;296;185;35;74;51;99;39;49;23;27;18;35;1;40;33;14;13;39;45;61;11;15;11;21;14;24;26;45;47;28;21;5;35;24;20;17;15;1;7;5;5;2;23;23;7;10;7;13;18;10;7;11;2;8;4;9;3;2;10;2;5;0;5;7;7;2;2;0;0;4;3;0;1;1;4;2;3;7;3;1;0;2;1;3;1;5;5;6;6;6;1;2;2;1;3;3;2;1;1;1;1;2;0;0;0;0
 93792;677;1;308;262;1763;1393;538;241;53;98;26;3;9;33;32;12;35;5;24;17;23;61;34;30;12;1;23;5;13;15;12;13;10;20;12;20;7;4;0;7;12;20;5;1;3;3;7;10;4;4;1;11;7;7;3;1;9;1;5;8;0;13;6;4;2;6;1;6;10;4;1;1;2;1;3;4;3;0;5;5;3;3;2;2;5;0;3;2;1;2;0;5;2;1;2;1;0;1;0;0;1;3;1;0;1;2;4;1;0;2;1;1;1;2;1;1;2;3;1;2;1;0;1;0;0;0;1;1;2
 93886;678;21;629;986;500;250;235;242;87;39;43;19;26;20;21;11;22;20;20;29;10;20;33;43;20;16;14;6;15;45;55;17;6;9;8;4;8;16;13;4;18;13;5;0;10;4;5;0;6;7;8;9;6;5;12;1;6;11;6;3;9;9;0;6;2;1;4;1;3;9;7;3;3;1;4;1;1;2;1;4;3;3;1;0;0;0;1;1;4;2;3;4;1;0;3;2;3;4;1;4;2;2;2;0;2;2;0;0;0;2;4;5;1;1;4;1;1;1;1;0;0;0;1;0;0;1;1;1;0
 94086;671;10;249;543;539;462;117;40;14;26;23;20;38;14;10;22;11;22;51;19;16;11;16;20;22;4;11;10;13;15;23;13;7;11;4;9;19;15;10;19;26;17;17;12;2;6;10;5;3;2;5;9;1;5;5;7;9;7;2;2;9;9;4;5;4;4;10;12;2;1;2;2;1;0;3;5;3;4;7;7;3;1;4;1;2;4;5;6;3;2;3;2;4;4;3;1;2;3;1;2;1;0;2;1;1;3;5;6;0;2;2;1;2;1;2;0;3;3;1;2;2;0;0;1;0;0;0;0;0
 94287;651;1;441;1944;3258;3305;2615;263;319;611;1385;233;485;360;581;213;262;243;238;209;8;73;114;55;113;164;129;81;57;38;33;27;0;30;29;46;0;29;13;15;12;17;5;22;8;11;12;13;11;6;21;17;15;3;2;6;17;16;22;35;20;9;14;6;8;8;9;11;3;7;9;5;6;14;4;8;7;6;3;0;8;6;6;2;3;5;1;1;3;1;2;0;2;2;3;1;1;0;4;0;4;7;4;7;2;2;3;2;3;2;1;2;1;3;1;0;2;2;3;2;1;1;1;0;1;2;1;1;1
 94699;693;34;813;413;3413;3073;1026;645;74;619;729;279;798;768;244;133;126;377;280;72;398;348;114;33;69;43;140;66;32;21;9;28;24;43;30;103;289;308;145;83;51;117;71;29;27;29;44;42;47;42;53;3;20;16;46;36;10;54;45;42;22;8;22;0;11;14;4;21;21;43;19;15;17;27;28;20;8;0;6;1;3;1;12;2;7;4;2;2;5;2;6;2;5;3;3;0;0;1;4;5;7;4;5;3;4;5;3;2;5;2;1;3;7;4;1;1;3;3;2;2;2;1;0;1;0;0;0;0;0
 94888;736;5;188;367;543;360;262;268;108;130;267;100;56;27;16;9;28;36;31;28;66;48;17;10;43;77;70;83;82;163;193;169;276;226;247;375;117;186;236;681;696;222;12;198;171;79;118;113;199;183;133;153;408;100;180;74;103;115;43;84;50;9;118;167;98;220;194;131;111;44;32;19;13;6;12;84;52;44;55;26;28;46;48;69;14;7;21;41;23;20;18;10;10;21;8;8;33;33;26;15;24;27;2;8;6;10;10;18;13;2;6;14;5;6;12;10;9;5;4;8;7;4;1;5;2;3;1;5;7
 95288;689;5;626;2858;2809;1515;793;501;682;765;1613;645;207;155;205;34;158;462;298;182;101;77;261;275;226;149;44;9;49;21;10;6;27;31;34;49;19;5;10;19;27;28;32;9;6;3;7;21;10;9;7;5;14;9;6;3;16;14;17;16;16;13;7;6;1;6;6;6;7;8;7;14;13;3;3;0;0;1;0;6;4;1;1;2;3;5;4;1;3;0;2;0;4;7;3;1;2;0;1;4;4;2;0;0;1;1;3;4;1;3;0;1;2;2;2;2;0;3;4;2;2;0;1;0;0;0;1;0;0
 97886;675;0;2526;2784;769;597;326;112;485;557;393;141;149;16;95;129;71;204;297;275;451;372;363;142;226;467;292;170;249;244;249;49;72;144;163;122;69;143;225;89;45;36;107;139;91;174;259;171;54;42;14;56;31;44;38;22;43;69;139;78;16;15;21;38;53;48;13;21;21;34;29;8;34;56;32;20;54;64;34;7;12;21;18;8;7;12;4;7;7;9;8;5;4;6;8;11;3;4;1;4;10;6;6;2;6;5;9;7;4;4;3;0;7;7;1;1;4;5;0;3;2;2;1;1;0;0;1;0;0
 98487;779;20;689;955;1910;2059;664;1263;947;4931;3828;602;604;303;391;658;423;187;359;276;262;233;319;144;198;102;381;377;151;98;153;129;121;67;155;221;226;153;21;13;83;143;64;27;40;70;49;67;66;53;162;104;34;63;60;48;54;49;62;34;73;35;19;44;58;36;18;3;20;42;40;27;37;46;70;45;29;22;13;23;11;8;10;57;50;16;19;27;59;89;65;26;8;3;13;7;8;5;4;10;11;19;14;14;13;9;13;24;39;34;12;6;8;3;8;8;5;8;8;15;8;4;11;8;11;9;2;0;2
 98687;691;29;612;425;575;763;321;251;251;505;564;167;223;135;145;141;186;84;221;229;284;889;493;308;139;9;31;36;108;137;84;5;55;38;76;145;97;58;62;54;63;22;25;72;97;19;7;5;6;6;7;20;10;18;10;8;5;21;24;13;14;22;13;14;8;17;18;17;16;14;32;26;10;7;12;11;7;19;17;28;1;7;3;4;5;7;2;6;4;5;4;3;3;5;3;1;3;2;5;2;2;6;5;5;2;4;1;7;5;6;9;5;6;1;2;3;1;2;1;1;2;1;1;0;0;1;1;1;2
 98887;705;1;793;1088;631;327;46;142;216;59;263;201;438;330;57;54;182;144;164;170;191;149;164;101;69;163;78;106;37;48;80;48;70;114;69;28;20;10;15;11;14;8;2;3;7;16;25;15;2;12;18;6;6;10;14;15;11;7;7;11;4;9;11;13;8;2;0;1;1;3;3;2;2;2;1;1;0;7;4;1;3;1;1;3;3;0;1;0;3;3;2;3;2;0;2;1;3;3;4;4;2;3;2;2;2;1;0;1;3;2;1;3;5;2;3;2;4;3;3;2;3;4;2;1;1;1;1;0;1
 99153;658;8;437;451;79;109;25;29;44;31;20;46;53;74;21;9;3;1;15;28;8;11;10;14;14;13;4;3;5;9;5;11;11;3;4;3;5;11;20;9;3;11;6;8;6;2;7;11;2;6;6;3;6;5;2;1;1;4;4;5;8;5;4;1;5;0;0;2;5;4;3;4;1;2;5;6;1;0;1;3;3;0;1;0;0;1;1;0;0;1;3;2;1;2;1;1;1;2;1;2;2;2;1;1;2;1;2;3;0;0;0;0;1;2;4;4;4;0;0;0;1;0;0;0;1;1;0;0;1
102304;701;5;165;267;414;471;290;302;160;185;101;110;65;26;65;56;41;107;172;56;61;73;69;14;75;32;62;51;6;16;38;21;16;19;23;17;14;21;12;18;32;37;13;6;4;7;9;10;18;10;11;11;8;6;9;5;4;2;5;11;18;0;3;10;10;4;2;6;7;6;4;0;3;1;2;7;5;0;3;4;4;1;1;4;5;4;3;3;4;5;3;1;3;2;1;2;1;2;1;3;3;1;2;3;5;4;5;5;5;3;3;1;3;3;2;1;1;3;1;1;2;2;1;0;1;0;1;1;0
102490;674;40;1908;2732;2028;671;205;143;246;242;539;504;361;204;115;34;79;56;208;273;295;311;239;253;397;137;116;147;124;207;118;47;8;20;31;30;33;6;20;15;33;40;33;15;7;8;25;19;10;14;16;22;23;23;5;6;12;22;12;20;18;10;16;4;11;11;12;14;10;7;8;10;13;8;9;14;6;2;6;4;5;9;2;5;8;13;7;1;0;2;2;4;6;7;3;2;5;10;11;2;1;1;5;1;1;5;3;9;5;5;3;2;4;8;6;5;3;0;2;2;2;1;3;3;1;2;0;0;0
102890;665;44;996;975;1057;844;342;383;453;194;30;34;30;40;29;9;33;92;120;101;52;20;38;25;30;15;27;13;33;35;14;8;11;2;15;27;23;12;27;26;32;36;15;5;6;4;13;2;12;11;18;20;18;15;15;22;22;27;27;23;20;12;12;11;13;4;4;7;10;6;7;14;14;15;4;2;2;3;1;4;6;1;0;7;5;5;4;3;0;4;5;0;1;2;6;5;2;7;6;8;5;1;3;4;4;4;2;3;5;2;1;3;3;4;5;2;3;1;2;2;1;1;1;3;1;0;0;0;0
103528;657;1;46;104;87;55;25;100;65;42;35;17;30;30;10;29;23;24;51;43;8;20;37;89;104;54;45;40;89;69;135;77;119;172;66;88;162;156;205;194;113;15;62;63;54;37;31;57;99;25;91;115;108;75;26;83;64;43;30;44;56;68;64;26;31;15;32;33;20;12;13;14;23;23;18;1;8;4;9;2;16;8;6;13;3;18;17;13;10;12;9;6;6;4;8;11;8;11;3;7;8;9;11;6;1;11;13;9;6;6;3;2;3;2;3;3;2;4;2;4;5;3;2;2;1;2;3;1;2
103688;660;41;622;2146;2567;546;137;206;89;72;72;29;75;57;12;80;74;91;46;62;116;134;76;55;81;121;54;126;136;71;173;111;21;172;242;135;198;51;82;125;51;115;72;50;107;95;3;27;44;74;107;40;39;39;85;28;111;114;43;141;121;62;55;71;21;8;41;20;34;22;74;67;48;49;33;13;11;33;57;69;68;65;42;16;23;32;20;23;23;28;23;29;25;36;27;22;20;38;24;19;31;45;40;33;14;20;15;30;32;40;18;10;8;13;17;13;15;7;21;10;6;10;5;15;6;4;11;7;1
103887;653;0;137;698;1497;1089;504;443;557;1135;606;309;185;125;196;93;174;79;212;417;133;246;287;113;76;100;160;151;47;95;88;56;37;23;24;12;8;34;44;17;7;22;20;13;13;13;1;6;8;22;9;5;10;24;28;22;42;23;24;20;12;30;22;7;8;8;19;5;3;11;16;4;7;14;17;19;13;3;6;3;8;4;5;7;9;8;0;2;0;4;5;10;11;0;3;17;19;7;4;13;10;1;4;4;7;6;8;5;5;2;4;4;1;7;13;5;5;3;3;4;3;1;2;2;3;2;1;1;1
104086;660;22;520;885;682;266;334;63;32;100;46;15;32;16;14;13;19;79;66;28;48;35;51;21;15;25;34;8;16;13;27;18;11;0;10;17;8;11;9;20;36;41;17;15;6;15;16;11;10;10;10;5;13;6;14;3;16;25;5;6;3;11;13;0;11;16;7;8;6;14;16;8;2;5;3;8;8;5;3;0;0;3;0;2;2;7;5;3;1;0;0;6;5;5;7;3;3;2;1;4;1;2;2;2;2;2;1;3;1;1;0;3;1;1;4;1;2;5;4;1;1;2;1;0;0;1;0;0;0
106927;722;4;164;395;272;117;31;77;95;202;100;42;40;30;28;17;22;14;56;69;26;141;191;131;137;67;62;18;65;52;35;45;61;62;82;168;172;109;44;33;47;79;66;64;112;71;53;31;20;20;12;45;50;35;30;25;55;62;43;39;14;32;47;23;23;8;32;39;54;37;39;25;70;50;17;22;23;7;3;4;11;10;14;14;20;13;2;7;3;8;8;2;6;11;5;4;1;4;4;3;11;13;1;7;5;5;6;4;9;7;2;8;6;2;5;4;3;3;0;1;1;0;2;0;0;1;1;0;0
107090;695;4;243;1260;2057;2294;1020;2799;326;1787;1153;786;249;591;418;55;228;517;978;441;166;198;171;169;98;95;97;68;30;39;317;474;171;64;39;107;105;79;44;44;102;110;39;38;1;48;134;138;34;59;83;35;21;13;39;36;45;39;35;32;24;34;35;20;14;5;4;5;20;18;2;3;0;8;9;18;4;6;13;12;19;5;5;6;4;12;1;7;8;7;16;14;2;1;9;15;7;2;5;1;8;4;8;6;4;1;4;4;0;6;3;2;6;5;7;4;2;5;4;5;8;6;1;2;1;3;4;3;0
